timestamp,pt1_pm2_5,pt2_pm2_5,sps_pm2_5,pt1_temp,pt1_rh,pt2_temp,pt2_rh,zero,heater
2026-05-02T00:00:07,0,0,0.1702196126182874,0.0,0.0,19.5,47.0,0,0
2026-05-02T00:01:07,0,0,0.1664797142148018,0.0,0.0,19.5,47.0,0,0
2026-05-02T00:02:08,0,0,0.21495517094930014,0.0,0.0,19.5,47.0,0,0
2026-05-02T00:03:08,0,0,0.2016257643699646,0.0,0.0,19.5,47.0,0,0
2026-05-02T00:04:08,0,0,0.18315094833572707,0.0,0.0,19.5,47.0,0,0
2026-05-02T00:05:08,0,0,0.396221602956454,0.0,0.0,19.5,47.0,0,0
2026-05-02T00:06:08,0,0,0.41999954730272293,0.0,0.0,19.5,47.0,0,0
2026-05-02T00:07:08,0,0,0.15636910498142242,0.0,0.0,19.5,47.0,0,0
2026-05-02T00:08:08,0,0,0.2021827312807242,0.0,0.0,19.5,47.0,0,0
2026-05-02T00:09:08,0,0,0.18820745994647345,0.0,0.0,19.5,47.0,0,0
2026-05-02T00:10:08,0,0,0.1698848381638527,0.0,0.0,19.5,47.0,0,0
2026-05-02T00:11:08,0,0,0.11768158773581187,0.0,0.0,19.5,47.0,0,0
2026-05-02T00:12:08,0,0,0.23942496875921884,0.0,0.0,19.5,47.0,0,0
2026-05-02T00:13:08,0,0,0.3298122187455495,0.0,0.0,19.5,47.0,0,0
2026-05-02T00:14:08,0,0,0.2365436553955078,0.0,0.0,19.5,47.0,0,0
2026-05-02T00:15:08,0,0,0.21979065736134848,0.0,0.0,19.5,47.0,0,0
2026-05-02T00:16:08,0,0,0.1873965822160244,0.0,0.0,19.5,47.0,0,0
2026-05-02T00:17:08,0,0,0.23511269440253577,0.0,0.0,19.5,47.0,0,0
2026-05-02T00:18:08,0,0,0.2831093097726504,0.0,0.0,19.5,47.0,0,0
2026-05-02T00:19:08,0,0,0.21030685553948084,0.0,0.0,19.5,47.0,0,0
2026-05-02T00:20:08,0,0,0.24497690548499426,0.0,0.0,19.5,47.0,0,0
2026-05-02T00:21:08,0,0,0.2329053282737732,0.0,0.0,19.5,47.0,0,0
2026-05-02T00:22:08,0,0,0.22838602711757025,0.0,0.0,19.5,47.0,0,0
2026-05-02T00:23:09,0,0,0.261958676079909,0.0,0.0,19.5,47.0,0,0
2026-05-02T00:24:09,0,0,0.1607020062704881,0.0,0.0,19.5,47.0,0,0
2026-05-02T00:25:09,0,0,0.17837162067492804,0.0,0.0,19.5,47.0,0,0
2026-05-02T00:26:09,0,0,0.2686559930443764,0.0,0.0,19.5,47.0,0,0
2026-05-02T00:27:09,0,0,0.268704188366731,0.0,0.0,19.5,47.0,0,0
2026-05-02T00:28:09,0,0,0.19135693709055582,0.0,0.0,19.5,47.0,0,0
2026-05-02T00:29:09,0,0,0.2523646578192711,0.0,0.0,19.5,47.0,0,0
2026-05-02T00:30:09,0,0,0.22648942718903223,0.0,0.0,19.5,47.0,0,0
2026-05-02T00:31:09,0,0,0.27192240705092746,0.0,0.0,19.5,47.0,0,0
2026-05-02T00:32:09,0,0,0.2051889697710673,0.0,0.0,19.5,47.0,0,0
2026-05-02T00:33:09,0,0,0.24345982819795609,0.0,0.0,19.5,47.0,0,0
2026-05-02T00:34:09,0,0,0.2564126153786977,0.0,0.0,19.5,47.0,0,0
2026-05-02T00:35:09,0,0,0.3959776262442271,0.0,0.0,19.5,47.0,0,0
2026-05-02T00:36:09,0,0,0.3907034248113632,0.0,0.0,19.5,47.0,0,0
2026-05-02T00:37:09,0,0,0.3072224905093511,0.0,0.0,19.5,47.0,0,0
2026-05-02T00:38:09,0,0,0.2773515408237775,0.0,0.0,19.5,47.0,0,0
2026-05-02T00:39:09,0,0,0.31482943147420883,0.0,0.0,19.5,47.0,0,0
2026-05-02T00:40:09,0,0,0.2575168584783872,0.0,0.0,19.5,47.0,0,0
2026-05-02T00:41:09,0,0,0.3304666082064311,0.0,0.0,19.5,47.0,0,0
2026-05-02T00:42:09,0,0,0.3125603844722112,0.0,0.0,19.5,47.0,0,0
2026-05-02T00:43:09,0,0,0.3473074684540431,0.0,0.0,19.5,47.0,0,0
2026-05-02T00:44:00,0,0,0.4800692319869995,0.0,0.0,19.5,47.0,0,0
2026-05-02T00:45:00,0,0,0.33377250532309216,0.0,0.0,19.5,47.0,0,0
2026-05-02T00:46:00,0,0,0.22296844919522604,0.0,0.0,19.5,47.0,0,0
2026-05-02T00:47:00,0,0,0.2420539657274882,0.0,0.0,19.5,47.0,0,0
2026-05-02T00:48:00,0,0,0.34168458233277005,0.0,0.0,19.5,47.0,0,0
2026-05-02T00:49:00,0,0,0.3448296785354614,0.0,0.0,19.5,47.0,0,0
2026-05-02T00:50:00,0,0,0.5194790860017141,0.0,0.0,19.5,47.1,0,0
2026-05-02T00:51:00,0,0,0.37759578227996826,0.0,0.0,19.5,47.0,0,0
2026-05-02T00:52:00,0,0,0.3165634001294772,0.0,0.0,19.5,47.0,0,0
2026-05-02T00:53:00,0,0,0.38645510872205097,0.0,0.0,19.5,47.0,0,0
2026-05-02T00:54:00,0,0,0.37441930671532947,0.0,0.0,19.5,47.0,0,0
2026-05-02T00:55:00,0,0,0.39721765617529553,0.0,0.0,19.5,47.0,0,0
2026-05-02T00:56:00,0,0,0.37732231120268506,0.0,0.0,19.5,47.0,0,0
2026-05-02T00:57:00,0,0,0.2874506264925003,0.0,0.0,19.5,47.0,0,0
2026-05-02T00:58:00,0,0,0.3304572254419327,0.0,0.0,19.5,47.0,0,0
2026-05-02T00:59:00,0,0,0.38198236127694446,0.0,0.0,19.5,47.0,0,0
2026-05-02T01:00:00,0,0,0.38499532639980316,0.0,0.0,19.5,47.0,0,0
2026-05-02T01:01:00,0,0,0.23481944700082144,0.0,0.0,19.5,47.0,0,0
2026-05-02T01:02:00,0,0,0.3283253063758214,0.0,0.0,19.5,47.0,0,0
2026-05-02T01:03:00,0,0,0.23518774658441544,0.0,0.0,19.5,47.0,0,0
2026-05-02T01:04:00,0,0,0.24192322542270026,0.0,0.0,19.5,47.0,0,0
2026-05-02T01:05:01,0,0,0.2810688962539037,0.0,0.0,19.5,47.0,0,0
2026-05-02T01:06:01,0,0,0.26062187055746716,0.0,0.0,19.5,47.0,0,0
2026-05-02T01:07:01,0,0,0.20823525389035544,0.0,0.0,19.5,47.0,0,0
2026-05-02T01:08:01,0,0,0.2178650051355362,0.0,0.0,19.5,47.0,0,0
2026-05-02T01:09:01,0,0,0.30458103617032367,0.0,0.0,19.5,47.0,0,0
2026-05-02T01:10:01,0,0,0.32092392941315967,0.0,0.0,19.5,47.0,0,0
2026-05-02T01:11:01,0,0,0.38200745979944867,0.0,0.0,19.5,47.0,0,0
2026-05-02T01:12:01,0,0,0.26136598984400433,0.0,0.0,19.5,47.0,0,0
2026-05-02T01:13:01,0,0,0.1655581369996071,0.0,0.0,19.5,47.0,0,0
2026-05-02T01:14:01,0,0,0.3044041121999423,0.0,0.0,19.5,47.0,0,0
2026-05-02T01:15:01,0,0,0.37194428344567615,0.0,0.0,19.5,47.0,0,0
2026-05-02T01:16:01,0,0,0.32838647315899533,0.0,0.0,19.5,47.0,0,0
2026-05-02T01:17:01,0,0,0.27644292761882144,0.0,0.0,19.5,47.0,0,0
2026-05-02T01:18:01,0,0,0.3823560078938802,0.0,0.0,19.5,47.0,0,0
2026-05-02T01:19:01,0,0,0.3557337125142415,0.0,0.0,19.5,47.0,0,0
2026-05-02T01:20:01,0,0,0.394645094871521,0.0,0.0,19.5,47.0,0,0
2026-05-02T01:21:01,0,0,0.3165152023235957,0.0,0.0,19.5,47.0,0,0
2026-05-02T01:22:01,0,0,0.2467351257801056,0.0,0.0,19.5,47.0,0,0
2026-05-02T01:23:01,0,0,0.23207837094863257,0.0,0.0,19.5,47.0,0,0
2026-05-02T01:24:01,0,0,0.42663567264874774,0.0,0.0,19.5,47.0,0,0
2026-05-02T01:25:01,0,0,0.27623636027177173,0.0,0.0,19.5,47.0,0,0
2026-05-02T01:26:02,0,0,0.38046210010846454,0.0,0.0,19.5,47.0,0,0
2026-05-02T01:27:02,0,0,0.29848773529132205,0.0,0.0,19.5,47.0,0,0
2026-05-02T01:28:02,0,0,0.231991579135259,0.0,0.0,19.5,47.0,0,0
2026-05-02T01:29:02,0,0,0.1840500682592392,0.0,0.0,19.5,47.0,0,0
2026-05-02T01:30:02,0,0,0.2942064901192983,0.0,0.0,19.5,47.0,0,0
2026-05-02T01:31:02,0,0,0.19661454608043036,0.0,0.0,19.5,47.0,0,0
2026-05-02T01:32:02,0,0,0.2382644439737002,0.0,0.0,19.5,47.0,0,0
2026-05-02T01:33:02,0,0,0.2423547680179278,0.0,0.0,19.5,47.0,0,0
2026-05-02T01:34:02,0,0,0.2594418277343114,0.0,0.0,19.5,47.0,0,0
2026-05-02T01:35:02,0,0,0.3034628977378209,0.0,0.0,19.5,47.0,0,0
2026-05-02T01:36:02,0,0,0.39928901692231494,0.0,0.0,19.5,47.0,0,0
2026-05-02T01:37:02,0,0,0.3067348301410675,0.0,0.0,19.5,47.0,0,0
2026-05-02T01:38:02,0,0,0.38140752663215,0.0,0.0,19.5,47.0,0,0
2026-05-02T01:39:02,0,0,0.31064588328202564,0.0,0.0,19.5,47.0,0,0
2026-05-02T01:40:02,0,0,0.21000627676645914,0.0,0.0,19.5,47.0,0,0
2026-05-02T01:41:02,0,0,0.25346197187900543,0.0,0.0,19.5,47.0,0,0
2026-05-02T01:42:02,0,0,0.1984702212115129,0.0,0.0,19.5,47.0,0,0
2026-05-02T01:43:02,0,0,0.24576419591903687,0.0,0.0,19.5,47.0,0,0
2026-05-02T01:44:02,0,0,0.2329911614457766,0.0,0.0,19.5,47.0,0,0
2026-05-02T01:45:02,0,0,0.2998075683911641,0.0,0.0,19.5,47.0,0,0
2026-05-02T01:46:02,0,0,0.2182088866829872,0.0,0.0,19.5,47.0,0,0
2026-05-02T01:47:03,0,0,0.3169700528184573,0.0,0.0,19.5,47.0,0,0
2026-05-02T01:48:03,0,0,0.3938536544640859,0.0,0.0,19.5,47.0,0,0
2026-05-02T01:49:03,0,0,0.4056875805060069,0.0,0.0,19.5,47.0,0,0
2026-05-02T01:50:03,0,0,0.24728216230869293,0.0,0.0,19.5,47.0,0,0
2026-05-02T01:51:03,0,0,0.2654809405406316,0.0,0.0,19.5,47.0,0,0
2026-05-02T01:52:03,0,0,0.21449399987856546,0.0,0.0,19.5,47.0,0,0
2026-05-02T01:53:03,0,0,0.19225836545228958,0.0,0.0,19.5,47.0,0,0
2026-05-02T01:54:03,0,0,0.1734403595328331,0.0,0.0,19.5,47.0,0,0
2026-05-02T01:55:03,0,0,0.17222846920291582,0.0,0.0,19.5,47.0,0,0
2026-05-02T01:56:03,0,0,0.18055644383033118,0.0,0.0,19.5,47.0,0,0
2026-05-02T01:57:03,0,0,0.24367047597964606,0.0,0.0,19.5,47.0,0,0
2026-05-02T01:58:03,0,0,0.2017164578040441,0.0,0.0,19.5,47.0,0,0
2026-05-02T01:59:03,0,0,0.23256079852581024,0.0,0.0,19.5,47.0,0,0
2026-05-02T02:00:03,0,0,0.25334160526593524,0.0,0.0,19.5,47.0,0,0
2026-05-02T02:01:03,0,0,0.21166287859280905,0.0,0.0,19.5,47.0,0,0
2026-05-02T02:02:03,0,0,0.344895934065183,0.0,0.0,19.5,47.0,0,0
2026-05-02T02:03:03,0,0,0.14582843209306398,0.0,0.0,19.5,47.0,0,0
2026-05-02T02:04:03,0,0,0.21484420200188956,0.0,0.0,19.5,47.0,0,0
2026-05-02T02:05:03,0,0,0.3190924401084582,0.0,0.0,19.5,47.0,0,0
2026-05-02T02:06:03,0,0,0.29084639996290207,0.0,0.0,19.5,47.0,0,0
2026-05-02T02:07:03,0,0,0.3189884548385938,0.0,0.0,19.5,47.0,0,0
2026-05-02T02:08:04,0,0,0.2552224211394787,0.0,0.0,19.5,47.0,0,0
2026-05-02T02:09:04,0,0,0.1815661092599233,0.0,0.0,19.5,47.0,0,0
2026-05-02T02:10:04,0,0,0.3143746207157771,0.0,0.0,19.5,47.0,0,0
2026-05-02T02:11:04,0,0,0.22406054039796194,0.0,0.0,19.5,47.0,0,0
2026-05-02T02:12:04,0,0,0.18688440322875977,0.0,0.0,19.5,47.0,0,0
2026-05-02T02:13:04,0,0,0.2181429093082746,0.0,0.0,19.5,47.0,0,0
2026-05-02T02:14:04,0,0,0.21853840599457422,0.0,0.0,19.5,47.0,0,0
2026-05-02T02:15:04,0,0,0.3048344428340594,0.0,0.0,19.5,47.0,0,0
2026-05-02T02:16:04,0,0,0.22060968478520712,0.0,0.0,19.5,47.0,0,0
2026-05-02T02:17:04,0,0,0.20357628166675568,0.0,0.0,19.5,47.0,0,0
2026-05-02T02:18:04,0,0,0.257854662835598,0.0,0.0,19.5,47.0,0,0
2026-05-02T02:19:04,0,0,0.130883626639843,0.0,0.0,19.5,47.0,0,0
2026-05-02T02:20:04,0,0,0.13021681954463324,0.0,0.0,19.5,47.0,0,0
2026-05-02T02:21:04,0,0,0.15143297240138054,0.0,0.0,19.5,47.0,0,0
2026-05-02T02:22:04,0,0,0.1693432703614235,0.0,0.0,19.6,47.0,0,0
2026-05-02T02:23:04,0,0,0.2544679467876752,0.0,0.0,19.5,47.0,0,0
2026-05-02T02:24:04,0,0,0.24298497041066489,0.0,0.0,19.5,47.0,0,0
2026-05-02T02:25:04,0,0,0.24311034133036932,0.0,0.0,19.5,47.0,0,0
2026-05-02T02:26:04,0,0,0.418843445678552,0.0,0.0,19.5,47.0,0,0
2026-05-02T02:27:04,0,0,0.1807114208738009,0.0,0.0,19.5,47.0,0,0
2026-05-02T02:28:04,0,0,0.2746097495158513,0.0,0.0,19.5,47.0,0,0
2026-05-02T02:29:05,0,0,0.2572181398669879,0.0,0.0,19.5,47.0,0,0
2026-05-02T02:30:05,0,0,0.2713073020180066,0.0,0.0,19.5,47.0,0,0
2026-05-02T02:31:05,0,0,0.31190284589926404,0.0,0.0,19.5,47.0,0,0
2026-05-02T02:32:05,0,0,0.2752731467286746,0.0,0.0,19.5,47.0,0,0
2026-05-02T02:33:05,0,0,0.286130353808403,0.0,0.0,19.5,47.0,0,0
2026-05-02T02:34:05,0,0,0.24039346476395926,0.0,0.0,19.5,47.0,0,0
2026-05-02T02:35:05,0,0,0.22068552921215692,0.0,0.0,19.5,47.0,0,0
2026-05-02T02:36:05,0,0,0.20004257187247276,0.0,0.0,19.5,47.0,0,0
2026-05-02T02:37:05,0,0,0.1430766632159551,0.0,0.0,19.5,47.0,0,0
2026-05-02T02:38:05,0,0,0.1211379071076711,0.0,0.0,19.5,47.0,0,0
2026-05-02T02:39:05,0,0,0.17554686466852823,0.0,0.0,19.5,47.0,0,0
2026-05-02T02:40:05,0,0,0.2385697141289711,0.0,0.0,19.5,47.0,0,0
2026-05-02T02:41:05,0,0,0.25296076635519665,0.0,0.0,19.5,47.0,0,0
2026-05-02T02:42:05,0,0,0.21736896534760794,0.0,0.0,19.5,47.0,0,0
2026-05-02T02:43:05,0,0,0.2737631822625796,0.0,0.0,19.5,47.0,0,0
2026-05-02T02:44:05,0,0,0.1505250632762909,0.0,0.0,19.6,47.0,0,0
2026-05-02T02:45:05,0,0,0.10718812669316928,0.0,0.0,19.5,47.0,0,0
2026-05-02T02:46:05,0,0,0.20799458399415016,0.0,0.0,19.5,47.0,0,0
2026-05-02T02:47:05,0,0,0.22186803072690964,0.0,0.0,19.5,47.0,0,0
2026-05-02T02:48:05,0,0,0.20978528757890066,0.0,0.0,19.5,47.0,0,0
2026-05-02T02:49:05,0,0,0.14960505440831184,0.0,0.0,19.5,47.0,0,0
2026-05-02T02:50:06,0,0,0.16858849426110586,0.0,0.0,19.5,47.0,0,0
2026-05-02T02:51:06,0,0,0.16447554032007852,0.0,0.0,19.5,47.0,0,0
2026-05-02T02:52:06,0,0,0.14384697626034418,0.0,0.0,19.5,47.0,0,0
2026-05-02T02:53:06,0,0,0.12446606283386548,0.0,0.0,19.5,47.0,0,0
2026-05-02T02:54:06,0,0,0.13884088955819607,0.0,0.0,19.5,47.0,0,0
2026-05-02T02:55:06,0,0,0.163501995926102,0.0,0.0,19.5,47.0,0,0
2026-05-02T02:56:06,0,0,0.08273621772726376,0.0,0.0,19.5,47.0,0,0
2026-05-02T02:57:06,0,0,0.13096236375470957,0.0,0.0,19.5,47.0,0,0
2026-05-02T02:58:06,0,0,0.1986059918999672,0.0,0.0,19.5,47.0,0,0
2026-05-02T02:59:06,0,0,0.19307825776437917,0.0,0.0,19.5,47.0,0,0
2026-05-02T03:00:06,0,0,0.18559475615620613,0.0,0.0,19.5,47.0,0,0
2026-05-02T03:01:06,0,0,0.1482265517115593,0.0,0.0,19.5,47.0,0,0
2026-05-02T03:02:06,0,0,0.13231358180443445,0.0,0.0,19.5,47.0,0,0
2026-05-02T03:03:06,0,0,0.2926471258203189,0.0,0.0,19.5,47.0,0,0
2026-05-02T03:04:06,0,0,0.2966299131512642,0.0,0.0,19.5,47.0,0,0
2026-05-02T03:05:06,0,0,0.17497320597370467,0.0,0.0,19.5,47.0,0,0
2026-05-02T03:06:06,0,0,0.11481835196415584,0.0,0.0,19.5,47.0,0,0
2026-05-02T03:07:06,0,0,0.12809135392308235,0.0,0.0,19.5,47.0,0,0
2026-05-02T03:08:06,0,0,0.26188284034530324,0.0,0.0,19.5,47.0,0,0
2026-05-02T03:09:06,0,0,0.1482046221693357,0.0,0.0,19.5,47.0,0,0
2026-05-02T03:10:06,0,0,0.10292819266517957,0.0,0.0,19.5,47.0,0,0
2026-05-02T03:11:06,0,0,0.1447403964896997,0.0,0.0,19.5,47.0,0,0
2026-05-02T03:12:07,0,0,0.13560692593455315,0.0,0.0,19.5,47.0,0,0
2026-05-02T03:13:07,0,0,0.22444640348354974,0.0,0.0,19.5,47.0,0,0
2026-05-02T03:14:07,0,0,0.15665144100785255,0.0,0.0,19.5,47.0,0,0
2026-05-02T03:15:07,0,0,0.11091361691554387,0.0,0.0,19.5,47.0,0,0
2026-05-02T03:16:07,0,0,0.2552497684955597,0.0,0.0,19.5,47.0,0,0
2026-05-02T03:17:07,0,0,0.05651830385128657,0.0,0.0,19.5,47.0,0,0
2026-05-02T03:18:07,0,0,0.15203901007771492,0.0,0.0,19.5,47.0,0,0
2026-05-02T03:19:07,0,0,0.34634163479010266,0.0,0.0,19.5,47.0,0,0
2026-05-02T03:20:07,0,0,0.3394632935523987,0.0,0.0,19.5,47.0,0,0
2026-05-02T03:21:07,0,0,0.21217270443836847,0.0,0.0,19.5,47.0,0,0
2026-05-02T03:22:07,0,0,0.18595769380529723,0.0,0.0,19.5,47.0,0,0
2026-05-02T03:23:07,0,0,0.23962615678707758,0.0,0.0,19.5,47.0,0,0
2026-05-02T03:24:07,0,0,0.2791303793589274,0.0,0.0,19.5,47.0,0,0
2026-05-02T03:25:07,0,0,0.13845730697115263,0.0,0.0,19.5,47.0,0,0
2026-05-02T03:26:07,0,0,0.1745950629313787,0.0,0.0,19.5,47.0,0,0
2026-05-02T03:27:07,0,0,0.1977113957206408,0.0,0.0,19.6,47.0,0,0
2026-05-02T03:28:07,0,0,0.04829765856266022,0.0,0.0,19.5,47.0,0,0
2026-05-02T03:29:07,0,0,0.09581940248608589,0.0,0.0,19.5,47.0,0,0
2026-05-02T03:30:07,0,0,0.13761678834756216,0.0,0.0,19.5,47.0,0,0
2026-05-02T03:31:07,0,0,0.19691955546538034,0.0,0.0,19.5,47.0,0,0
2026-05-02T03:32:07,0,0,0.22552063688635826,0.0,0.0,19.5,47.0,0,0
2026-05-02T03:33:08,0,0,0.25112643589576084,0.0,0.0,19.5,47.0,0,0
2026-05-02T03:34:08,0,0,0.12789776300390562,0.0,0.0,19.5,47.0,0,0
2026-05-02T03:35:08,0,0,0.16483353078365326,0.0,0.0,19.5,47.0,0,0
2026-05-02T03:36:08,0,0,0.1525838499267896,0.0,0.0,19.5,47.0,0,0
2026-05-02T03:37:08,0,0,0.20148438960313797,0.0,0.0,19.5,47.0,0,0
2026-05-02T03:38:08,0,0,0.19592737903197607,0.0,0.0,19.5,47.0,0,0
2026-05-02T03:39:08,0,0,0.16325694570938745,0.0,0.0,19.5,47.0,0,0
2026-05-02T03:40:08,0,0,0.14756994818647703,0.0,0.0,19.5,47.0,0,0
2026-05-02T03:41:08,0,0,0.20724516610304514,0.0,0.0,19.5,47.0,0,0
2026-05-02T03:42:08,0,0,0.0964657391111056,0.0,0.0,19.5,47.0,0,0
2026-05-02T03:43:08,0,0,0.12098193168640137,0.0,0.0,19.5,47.0,0,0
2026-05-02T03:44:08,0,0,0.12266968563199043,0.0,0.0,19.5,47.0,0,0
2026-05-02T03:45:08,0,0,0.18612933407227197,0.0,0.0,19.5,47.0,0,0
2026-05-02T03:46:08,0,0,0.2506274866561095,0.0,0.0,19.5,47.0,0,0
2026-05-02T03:47:08,0,0,0.17310809592405954,0.0,0.0,19.5,47.0,0,0
2026-05-02T03:48:08,0,0,0.25820233672857285,0.0,0.0,19.5,47.0,0,0
2026-05-02T03:49:08,0,0,0.10750514393051465,0.0,0.0,19.6,47.0,0,0
2026-05-02T03:50:08,0,0,0.1501090737680594,0.0,0.0,19.5,47.0,0,0
2026-05-02T03:51:08,0,0,0.1662574534614881,0.0,0.0,19.5,47.0,0,0
2026-05-02T03:52:08,0,0,0.12451995598773162,0.0,0.0,19.5,47.0,0,0
2026-05-02T03:53:08,0,0,0.2730015789469083,0.0,0.0,19.5,47.0,0,0
2026-05-02T03:54:09,0,0,0.2088781458636125,0.0,0.0,19.5,47.0,0,0
2026-05-02T03:55:09,0,0,0.2905883441368739,0.0,0.0,19.6,47.0,0,0
2026-05-02T03:56:09,0,0,0.10076533071696758,0.0,0.0,19.5,47.0,0,0
2026-05-02T03:57:09,0,0,0.1402920645972093,0.0,0.0,19.5,47.0,0,0
2026-05-02T03:58:09,0,0,0.11253092810511589,0.0,0.0,19.6,47.0,0,0
2026-05-02T03:59:09,0,0,0.15383430818716684,0.0,0.0,19.5,47.0,0,0
2026-05-02T04:00:09,0,0,0.11582763058443864,0.0,0.0,19.5,47.0,0,0
2026-05-02T04:01:09,0,0,0.1582764411966006,0.0,0.0,19.5,47.0,0,0
2026-05-02T04:02:09,0,0,0.09219207552572091,0.0,0.0,19.5,47.0,0,0
2026-05-02T04:03:09,0,0,0.15395032366116843,0.0,0.0,19.5,47.0,0,0
2026-05-02T04:04:09,0,0,0.1722529654701551,0.0,0.0,19.5,47.0,0,0
2026-05-02T04:05:09,0,0,0.1546252320210139,0.0,0.0,19.5,47.0,0,0
2026-05-02T04:06:09,0,0,0.11866772671540578,0.0,0.0,19.6,47.0,0,0
2026-05-02T04:07:09,0,0,0.1983315870165825,0.0,0.0,19.5,47.0,0,0
2026-05-02T04:08:09,0,0,0.14711117123564085,0.0,0.0,19.5,47.0,0,0
2026-05-02T04:09:09,0,0,0.18133263165752092,0.0,0.0,19.5,47.0,0,0
2026-05-02T04:10:09,0,0,0.2511069178581238,0.0,0.0,19.5,47.0,0,0
2026-05-02T04:11:09,0,0,0.3435405877729257,0.0,0.0,19.5,47.0,0,0
2026-05-02T04:12:09,0,0,0.10055728194614251,0.0,0.0,19.5,47.0,0,0
2026-05-02T04:13:09,0,0,0.13515379031499228,0.0,0.0,19.5,47.0,0,0
2026-05-02T04:14:09,0,0,0.1535208337008953,0.0,0.0,19.5,47.0,0,0
2026-05-02T04:15:00,0,0,0.14768827855587005,0.0,0.0,19.5,47.0,0,0
2026-05-02T04:16:00,0,0,0.13057798395554224,0.0,0.0,19.5,47.0,0,0
2026-05-02T04:17:00,0,0,0.15542322273055711,0.0,0.0,19.5,47.0,0,0
2026-05-02T04:18:00,0,0,0.1784551441669464,0.0,0.0,19.5,47.0,0,0
2026-05-02T04:19:00,0,0,0.186373770236969,0.0,0.0,19.5,47.0,0,0
2026-05-02T04:20:00,0,0,0.19594797740379968,0.0,0.0,19.5,47.0,0,0
2026-05-02T04:21:00,0,0,0.10783179228504498,0.0,0.0,19.5,47.0,0,0
2026-05-02T04:22:00,0,0,0.15687341118852297,0.0,0.0,19.6,47.0,0,0
2026-05-02T04:23:00,0,0,0.2562055128316085,0.0,0.0,19.5,47.0,0,0
2026-05-02T04:24:00,0,0,0.19626650090018907,0.0,0.0,19.5,47.0,0,0
2026-05-02T04:25:00,0,0,0.14164986461400986,0.0,0.0,19.5,47.0,0,0
2026-05-02T04:26:00,0,0,0.25184421613812447,0.0,0.0,19.5,47.0,0,0
2026-05-02T04:27:00,0,0,0.16393228496114412,0.0,0.0,19.5,47.0,0,0
2026-05-02T04:28:00,0,0,0.13782868441194296,0.0,0.0,19.5,47.0,0,0
2026-05-02T04:29:00,0,0,0.11139224221309026,0.0,0.0,19.5,47.0,0,0
2026-05-02T04:30:00,0,0,0.19153879707058272,0.0,0.0,19.5,47.0,0,0
2026-05-02T04:31:00,0,0,0.15719935670495033,0.0,0.0,19.6,47.0,0,0
2026-05-02T04:32:00,0,0,0.2390704850355784,0.0,0.0,19.5,47.0,0,0
2026-05-02T04:33:00,0,0,0.11628533403078715,0.0,0.0,19.5,47.0,0,0
2026-05-02T04:34:00,0,0,0.19580555086334547,0.0,0.0,19.5,47.0,0,0
2026-05-02T04:35:00,0,0,0.10870463152726491,0.0,0.0,19.5,46.9,0,0
2026-05-02T04:36:01,0,0,0.1918034628033638,0.0,0.0,19.5,47.0,0,0
2026-05-02T04:37:01,0,0,0.1291895161072413,0.0,0.0,19.5,47.0,0,0
2026-05-02T04:38:01,0,0,0.13464525838692984,0.0,0.0,19.5,47.0,0,0
2026-05-02T04:39:01,0,0,0.17389282335837683,0.0,0.0,19.5,47.0,0,0
2026-05-02T04:40:01,0,0,0.08444065848986308,0.0,0.0,19.5,47.0,0,0
2026-05-02T04:41:01,0,0,0.24359896903236708,0.0,0.0,19.5,47.0,0,0
2026-05-02T04:42:01,0,0,0.15026756872733435,0.0,0.0,19.5,47.0,0,0
2026-05-02T04:43:01,0,0,0.15963666141033173,0.0,0.0,19.5,47.0,0,0
2026-05-02T04:44:01,0,0,0.1494906401882569,0.0,0.0,19.5,47.0,0,0
2026-05-02T04:45:01,0,0,0.15265528485178947,0.0,0.0,19.5,47.0,0,0
2026-05-02T04:46:01,0,0,0.12256269281109174,0.0,0.0,19.6,47.0,0,0
2026-05-02T04:47:01,0,0,0.10406154207885265,0.0,0.0,19.5,47.0,0,0
2026-05-02T04:48:01,0,0,0.2417883612215519,0.0,0.0,19.5,47.0,0,0
2026-05-02T04:49:01,0,0,0.12664610023299852,0.0,0.0,19.5,47.0,0,0
2026-05-02T04:50:01,0,0,0.18092308193445206,0.0,0.0,19.6,47.0,0,0
2026-05-02T04:51:01,0,0,0.16551614801088968,0.0,0.0,19.5,47.0,0,0
2026-05-02T04:52:01,0,0,0.14347405297060808,0.0,0.0,19.5,46.9,0,0
2026-05-02T04:53:01,0,0,0.1336062103509903,0.0,0.0,19.5,47.0,0,0
2026-05-02T04:54:01,0,0,0.1468520686030388,0.0,0.0,19.5,47.0,0,0
2026-05-02T04:55:01,0,0,0.16731727371613184,0.0,0.0,19.5,47.0,0,0
2026-05-02T04:56:01,0,0,0.16156962141394615,0.0,0.0,19.5,47.0,0,0
2026-05-02T04:57:02,0,0,0.10638177767395973,0.0,0.0,19.5,46.9,0,0
2026-05-02T04:58:02,0,0,0.13164683679739633,0.0,0.0,19.5,47.0,0,0
2026-05-02T04:59:02,0,0,0.23206735402345657,0.0,0.0,19.5,47.0,0,0
2026-05-02T05:00:02,0,0,0.14167248457670212,0.0,0.0,19.6,46.9,0,0
2026-05-02T05:01:02,0,0,0.08404006250202656,0.0,0.0,19.5,46.9,0,0
2026-05-02T05:02:02,0,0,0.14068473254640898,0.0,0.0,19.5,46.9,0,0
2026-05-02T05:03:02,0,0,0.20106121649344763,0.0,0.0,19.5,47.0,0,0
2026-05-02T05:04:02,0,0,0.10517699643969536,0.0,0.0,19.5,46.9,0,0
2026-05-02T05:05:02,0,0,0.15605269248286882,0.0,0.0,19.5,47.0,0,0
2026-05-02T05:06:02,0,0,0.09218248849113782,0.0,0.0,19.5,46.9,0,0
2026-05-02T05:07:02,0,0,0.16101143384973207,0.0,0.0,19.5,46.9,0,0
2026-05-02T05:08:02,0,0,0.1609595293800036,0.0,0.0,19.5,46.9,0,0
2026-05-02T05:09:02,0,0,0.17977731674909592,0.0,0.0,19.5,46.9,0,0
2026-05-02T05:10:02,0,0,0.1798223319152991,0.0,0.0,19.5,46.9,0,0
2026-05-02T05:11:02,0,0,0.20606319109598795,0.0,0.0,19.5,46.9,0,0
2026-05-02T05:12:02,0,0,0.23181628063321114,0.0,0.0,19.5,46.9,0,0
2026-05-02T05:13:02,0,0,0.15012350926796594,0.0,0.0,19.5,46.9,0,0
2026-05-02T05:14:02,0,0,0.14141200855374336,0.0,0.0,19.5,46.9,0,0
2026-05-02T05:15:02,0,0,0.09217953744033973,0.0,0.0,19.5,46.9,0,0
2026-05-02T05:16:02,0,0,0.1764441579580307,0.0,0.0,19.5,46.9,0,0
2026-05-02T05:17:02,0,0,0.17163366079330444,0.0,0.0,19.5,46.9,0,0
2026-05-02T05:18:03,0,0,0.20163032660881677,0.0,0.0,19.6,46.9,0,0
2026-05-02T05:19:03,0,0,0.2583291456103325,0.0,0.0,19.5,46.9,0,0
2026-05-02T05:20:03,0,0,0.1880705157915751,0.0,0.0,19.5,46.9,0,0
2026-05-02T05:21:03,0,0,0.12253702680269878,0.0,0.0,19.5,46.9,0,0
2026-05-02T05:22:03,0,0,0.2525554969906807,0.0,0.0,19.5,46.9,0,0
2026-05-02T05:23:03,0,0,0.24953650186459223,0.0,0.0,19.5,46.9,0,0
2026-05-02T05:24:03,0,0,0.2850608651836713,0.0,0.0,19.5,46.9,0,0
2026-05-02T05:25:03,0,0,0.2356704200307528,0.0,0.0,19.5,46.9,0,0
2026-05-02T05:26:03,0,0,0.23764712363481522,0.0,0.0,19.5,46.9,0,0
2026-05-02T05:27:03,0,0,0.1752879818280538,0.0,0.0,19.6,46.9,0,0
2026-05-02T05:28:03,0,0,0.22393399477005005,0.0,0.0,19.5,46.9,0,0
2026-05-02T05:29:03,0,0,0.2818753595153491,0.0,0.0,19.5,46.9,0,0
2026-05-02T05:30:03,0,0,0.20907326539357504,0.0,0.0,19.5,46.9,0,0
2026-05-02T05:31:03,0,0,0.20371896773576736,0.0,0.0,19.5,46.9,0,0
2026-05-02T05:32:03,0,0,0.1855046053727468,0.0,0.0,19.5,46.9,0,0
2026-05-02T05:33:03,0,0,0.18755940720438957,0.0,0.0,19.5,46.9,0,0
2026-05-02T05:34:03,0,0,0.23844026774168015,0.0,0.0,19.5,46.9,0,0
2026-05-02T05:35:03,0,0,0.23811661452054977,0.0,0.0,19.5,46.9,0,0
2026-05-02T05:36:03,0,0,0.1884491890668869,0.0,0.0,19.6,46.9,0,0
2026-05-02T05:37:03,0,0,0.2867282306154569,0.0,0.0,19.5,46.9,0,0
2026-05-02T05:38:03,0,0,0.3489937037229538,0.0,0.0,19.5,46.9,0,0
2026-05-02T05:39:04,0,0,0.3426172385613124,0.0,0.0,19.5,46.9,0,0
2026-05-02T05:40:04,0,0,0.25432489564021427,0.0,0.0,19.5,46.9,0,0
2026-05-02T05:41:04,0,0,0.21198139091332754,0.0,0.0,19.5,46.9,0,0
2026-05-02T05:42:04,0,0,0.306873952349027,0.0,0.0,19.5,46.9,0,0
2026-05-02T05:43:04,0,0,0.25936781366666156,0.0,0.0,19.5,46.9,0,0
2026-05-02T05:44:04,0,0,0.18533441176017126,0.0,0.0,19.6,46.9,0,0
2026-05-02T05:45:04,0,0,0.23432511339584985,0.0,0.0,19.5,46.9,0,0
2026-05-02T05:46:04,0,0,0.2938205550114314,0.0,0.0,19.5,46.9,0,0
2026-05-02T05:47:04,0,0,0.29343540221452713,0.0,0.0,19.6,46.9,0,0
2026-05-02T05:48:04,0,0,0.3524264444907506,0.0,0.0,19.5,46.9,0,0
2026-05-02T05:49:04,0,0,0.19012911121050516,0.0,0.0,19.5,46.9,0,0
2026-05-02T05:50:04,0,0,0.15770183503627777,0.0,0.0,19.6,46.9,0,0
2026-05-02T05:51:04,0,0,0.2653508086999257,0.0,0.0,19.5,46.9,0,0
2026-05-02T05:52:04,0,0,0.15475385636091232,0.0,0.0,19.5,46.9,0,0
2026-05-02T05:53:04,0,0,0.3096008375287056,0.0,0.0,19.5,46.9,0,0
2026-05-02T05:54:04,0,0,0.29670336842536926,0.0,0.0,19.5,46.9,0,0
2026-05-02T05:55:04,0,0,0.2881106237570445,0.0,0.0,19.5,46.8,0,0
2026-05-02T05:56:04,0,0,0.3875392973423004,0.0,0.0,19.5,46.8,0,0
2026-05-02T05:57:04,0,0,0.3603376845518748,0.0,0.0,19.6,46.8,0,0
2026-05-02T05:58:04,0,0,0.33033643166224164,0.0,0.0,19.5,46.8,0,0
2026-05-02T05:59:04,0,0,0.39669429262479144,0.0,0.0,19.5,46.8,0,0
2026-05-02T06:00:05,0,0,0.31974037488301593,0.0,0.0,19.5,46.8,0,0
2026-05-02T06:01:05,0,0,0.2815616751710574,0.0,0.0,19.5,46.8,0,0
2026-05-02T06:02:05,0,0,0.3748376667499542,0.0,0.0,19.5,46.8,0,0
2026-05-02T06:03:05,0,0,0.2294299602508545,0.0,0.0,19.5,46.8,0,0
2026-05-02T06:04:05,0,0,0.23778095344702402,0.0,0.0,19.5,46.8,0,0
2026-05-02T06:05:05,0,0,0.2741124431292216,0.0,0.0,19.5,46.8,0,0
2026-05-02T06:06:05,0,0,0.2485892449816068,0.0,0.0,19.6,46.8,0,0
2026-05-02T06:07:05,0,0,0.2739780743916829,0.0,0.0,19.5,46.8,0,0
2026-05-02T06:08:05,0,0,0.2633151138822238,0.0,0.0,19.5,46.8,0,0
2026-05-02T06:09:05,0,0,0.19274379561344782,0.0,0.0,19.5,46.8,0,0
2026-05-02T06:10:05,0,0,0.38430601358413696,0.0,0.0,19.5,46.8,0,0
2026-05-02T06:11:05,0,0,0.33257785191138584,0.0,0.0,19.5,46.8,0,0
2026-05-02T06:12:05,0,0,0.35449381172657013,0.0,0.0,19.5,46.8,0,0
2026-05-02T06:13:05,0,0,0.19666857520739237,0.0,0.0,19.5,46.8,0,0
2026-05-02T06:14:05,0,0,0.2237368325392405,0.0,0.0,19.5,46.8,0,0
2026-05-02T06:15:05,0,0,0.254275639851888,0.0,0.0,19.5,46.8,0,0
2026-05-02T06:16:05,0,0,0.4587548573811849,0.0,0.0,19.5,46.8,0,0
2026-05-02T06:17:05,0,0,0.32084424793720245,0.0,0.0,19.5,46.8,0,0
2026-05-02T06:18:05,0,0,0.24531846990187964,0.0,0.0,19.5,46.8,0,0
2026-05-02T06:19:05,0,0,0.316464327275753,0.0,0.0,19.6,46.8,0,0
2026-05-02T06:20:05,0,0,0.348497174680233,0.0,0.0,19.5,46.8,0,0
2026-05-02T06:21:06,0,0,0.277554452419281,0.0,0.0,19.5,46.8,0,0
2026-05-02T06:22:06,0,0,0.23888248453537622,0.0,0.0,19.5,46.8,0,0
2026-05-02T06:23:06,0,0,0.3406050205230713,0.0,0.0,19.5,46.8,0,0
2026-05-02T06:24:06,0,0,0.17804999401172003,0.0,0.0,19.6,46.8,0,0
2026-05-02T06:25:06,0,0,0.1641615889966488,0.0,0.0,19.6,46.8,0,0
2026-05-02T06:26:06,0,0,0.2284108723203341,0.0,0.0,19.5,46.7,0,0
2026-05-02T06:27:06,0,0,0.23085162291924158,0.0,0.0,19.5,46.8,0,0
2026-05-02T06:28:06,0,0,0.20594852914412817,0.0,0.0,19.5,46.8,0,0
2026-05-02T06:29:06,0,0,0.23491702725489935,0.0,0.0,19.6,46.8,0,0
2026-05-02T06:30:06,0,0,0.13283962508042654,0.0,0.0,19.5,46.8,0,0
2026-05-02T06:31:06,0,0,0.24571175749103227,0.0,0.0,19.5,46.7,0,0
2026-05-02T06:32:06,0,0,0.24113700538873672,0.0,0.0,19.5,46.8,0,0
2026-05-02T06:33:06,0,0,0.15048756822943687,0.0,0.0,19.6,46.8,0,0
2026-05-02T06:34:06,0,0,0.30739559729894,0.0,0.0,19.5,46.8,0,0
2026-05-02T06:35:06,0,0,0.17113630225261053,0.0,0.0,19.6,46.8,0,0
2026-05-02T06:36:06,0,0,0.20744452625513077,0.0,0.0,19.5,46.7,0,0
2026-05-02T06:37:06,0,0,0.24092073738574982,0.0,0.0,19.6,46.7,0,0
2026-05-02T06:38:06,0,0,0.23232350995143256,0.0,0.0,19.5,46.7,0,0
2026-05-02T06:39:06,0,0,0.2218952625989914,0.0,0.0,19.5,46.7,0,0
2026-05-02T06:40:06,0,0,0.12649884447455406,0.0,0.0,19.5,46.7,0,0
2026-05-02T06:41:06,0,0,0.1667883520325025,0.0,0.0,19.6,46.7,0,0
2026-05-02T06:42:07,0,0,0.18238545333345732,0.0,0.0,19.5,46.7,0,0
2026-05-02T06:43:07,0,0,0.29346699515978497,0.0,0.0,19.5,46.7,0,0
2026-05-02T06:44:07,0,0,0.2264605164527893,0.0,0.0,19.5,46.7,0,0
2026-05-02T06:45:07,0,0,0.23716353625059128,0.0,0.0,19.6,46.7,0,0
2026-05-02T06:46:07,0,0,0.19015598545471826,0.0,0.0,19.6,46.7,0,0
2026-05-02T06:47:07,0,0,0.15976316606005034,0.0,0.0,19.5,46.7,0,0
2026-05-02T06:48:07,0,0,0.2526649509867032,0.0,0.0,19.5,46.7,0,0
2026-05-02T06:49:07,0,0,0.2972797304391861,0.0,0.0,19.6,46.7,0,0
2026-05-02T06:50:07,0,0,0.21011819442113241,0.0,0.0,19.5,46.7,0,0
2026-05-02T06:51:07,0,0,0.19686992714802423,0.0,0.0,19.6,46.7,0,0
2026-05-02T06:52:07,0,0,0.32609260082244873,0.0,0.0,19.6,46.7,0,0
2026-05-02T06:53:07,0,0,0.24736614028612772,0.0,0.0,19.5,46.7,0,0
2026-05-02T06:54:07,0,0,0.2407709906498591,0.0,0.0,19.5,46.7,0,0
2026-05-02T06:55:07,0,0,0.24474849055210748,0.0,0.0,19.5,46.7,0,0
2026-05-02T06:56:07,0,0,0.33317363262176514,0.0,0.0,19.6,46.7,0,0
2026-05-02T06:57:07,0,0,0.1801103577017784,0.0,0.0,19.6,46.7,0,0
2026-05-02T06:58:07,0,0,0.16863727817932764,0.0,0.0,19.5,46.7,0,0
2026-05-02T06:59:07,0,0,0.2950476755698522,0.0,0.0,19.5,46.7,0,0
2026-05-02T07:00:07,0,0,0.23526104539632797,0.0,0.0,19.5,46.6,0,0
2026-05-02T07:01:07,0,0,0.1959411030014356,0.0,0.0,19.6,46.7,0,0
2026-05-02T07:02:07,0,0,0.19281774262587228,0.0,0.0,19.6,46.6,0,0
2026-05-02T07:03:08,0,0,0.2487036536137263,0.0,0.0,19.5,46.6,0,0
2026-05-02T07:04:08,0,0,0.25964071601629257,0.0,0.0,19.6,46.6,0,0
2026-05-02T07:05:08,0,0,0.22638555988669395,0.0,0.0,19.6,46.6,0,0
2026-05-02T07:06:08,0,0,0.3088213602701823,0.0,0.0,19.5,46.6,0,0
2026-05-02T07:07:08,0,0,0.30644479145606357,0.0,0.0,19.6,46.6,0,0
2026-05-02T07:08:08,0,0,0.2626036728421847,0.0,0.0,19.6,46.6,0,0
2026-05-02T07:09:08,0,0,0.3404950797557831,0.0,0.0,19.6,46.6,0,0
2026-05-02T07:10:08,0,0,0.37956946591536206,0.0,0.0,19.6,46.6,0,0
2026-05-02T07:11:08,0,0,0.2757739747563998,0.0,0.0,19.6,46.6,0,0
2026-05-02T07:12:08,0,0,0.26923329134782154,0.0,0.0,19.5,46.6,0,0
2026-05-02T07:13:08,0,0,0.21057174106438956,0.0,0.0,19.5,46.6,0,0
2026-05-02T07:14:08,0,0,0.2468740070859591,0.0,0.0,19.5,46.6,0,0
2026-05-02T07:15:08,0,0,0.29387828956047696,0.0,0.0,19.6,46.6,0,0
2026-05-02T07:16:08,0,0,0.33873823781808216,0.0,0.0,19.6,46.6,0,0
2026-05-02T07:17:08,0,0,0.3420778810977936,0.0,0.0,19.5,46.6,0,0
2026-05-02T07:18:08,0,0,0.2569420983393987,0.0,0.0,19.6,46.6,0,0
2026-05-02T07:19:08,0,0,0.2669500857591629,0.0,0.0,19.5,46.6,0,0
2026-05-02T07:20:08,0,0,0.2723297079404195,0.0,0.0,19.6,46.6,0,0
2026-05-02T07:21:08,0,0,0.2701249271631241,0.0,0.0,19.5,46.6,0,0
2026-05-02T07:22:08,0,0,0.23031768947839737,0.0,0.0,19.6,46.6,0,0
2026-05-02T07:23:08,0,0,0.27441100776195526,0.0,0.0,19.6,46.6,0,0
2026-05-02T07:24:09,0,0,0.18596488485733667,0.0,0.0,19.5,46.6,0,0
2026-05-02T07:25:09,0,0,0.1793989228705565,0.0,0.0,19.5,46.6,0,0
2026-05-02T07:26:09,0,0,0.22443881879250208,0.0,0.0,19.6,46.6,0,0
2026-05-02T07:27:09,0,0,0.23022709041833878,0.0,0.0,19.5,46.6,0,0
2026-05-02T07:28:09,0,0,0.32268520444631577,0.0,0.0,19.5,46.6,0,0
2026-05-02T07:29:09,0,0,0.24007664372523627,0.0,0.0,19.5,46.6,0,0
2026-05-02T07:30:09,0,0,0.252872737745444,0.0,0.0,19.6,46.6,0,0
2026-05-02T07:31:09,0,0,0.16722360998392105,0.0,0.0,19.5,46.6,0,0
2026-05-02T07:32:09,0,0,0.1904615710179011,0.0,0.0,19.6,46.6,0,0
2026-05-02T07:33:09,0,0,0.31190893799066544,0.0,0.0,19.5,46.5,0,0
2026-05-02T07:34:09,0,0,0.24294383823871613,0.0,0.0,19.5,46.6,0,0
2026-05-02T07:35:09,0,0,0.22283808887004852,0.0,0.0,19.5,46.5,0,0
2026-05-02T07:36:09,0,0,0.22297987838586172,0.0,0.0,19.5,46.5,0,0
2026-05-02T07:37:09,0,0,0.18124757707118988,0.0,0.0,19.5,46.5,0,0
2026-05-02T07:38:09,0,0,0.264153686662515,0.0,0.0,19.6,46.6,0,0
2026-05-02T07:39:09,0,0,0.31376320620377857,0.0,0.0,19.6,46.6,0,0
2026-05-02T07:40:09,0,0,0.36325205862522125,0.0,0.0,19.6,46.5,0,0
2026-05-02T07:41:09,0,0,0.21573195233941078,0.0,0.0,19.5,46.5,0,0
2026-05-02T07:42:09,0,0,0.17677985628445944,0.0,0.0,19.6,46.5,0,0
2026-05-02T07:43:09,0,0,0.21436572074890137,0.0,0.0,19.6,46.5,0,0
2026-05-02T07:44:09,0,0,0.2554970110456149,0.0,0.0,19.5,46.5,0,0
2026-05-02T07:45:09,0,0,0.15336830541491508,0.0,0.0,19.6,46.5,0,0
2026-05-02T07:46:00,0,0,0.15801650732755662,0.0,0.0,19.6,46.5,0,0
2026-05-02T07:47:00,0,0,0.2485442707935969,0.0,0.0,19.5,46.5,0,0
2026-05-02T07:48:00,0,0,0.24956385418772697,0.0,0.0,19.6,46.5,0,0
2026-05-02T07:49:00,0,0,0.22066695988178253,0.0,0.0,19.5,46.5,0,0
2026-05-02T07:50:00,0,0,0.15545046577850977,0.0,0.0,19.6,46.5,0,0
2026-05-02T07:51:00,0,0,0.2658678318063418,0.0,0.0,19.6,46.5,0,0
2026-05-02T07:52:00,0,0,0.085540689372768,0.0,0.0,19.5,46.5,0,0
2026-05-02T07:53:00,0,0,0.2705390974879265,0.0,0.0,19.5,46.5,0,0
2026-05-02T07:54:00,0,0,0.2882900709907214,0.0,0.0,19.6,46.5,0,0
2026-05-02T07:55:00,0,0,0.23170962184667587,0.0,0.0,19.6,46.5,0,0
2026-05-02T07:56:00,0,0,0.22166501233975092,0.0,0.0,19.6,46.5,0,0
2026-05-02T07:57:00,0,0,0.2319390115638574,0.0,0.0,19.5,46.5,0,0
2026-05-02T07:58:00,0,0,0.16421697661280632,0.0,0.0,19.6,46.5,0,0
2026-05-02T07:59:00,0,0,0.1686192365984122,0.0,0.0,19.6,46.5,0,0
2026-05-02T08:00:00,0,0,0.2767086351911227,0.0,0.0,19.6,46.5,0,0
2026-05-02T08:01:00,0,0,0.2326874335606893,0.0,0.0,19.6,46.5,0,0
2026-05-02T08:02:00,0,0,0.17703744396567345,0.0,0.0,19.6,46.5,0,0
2026-05-02T08:03:00,0,0,0.16049127777417502,0.0,0.0,19.6,46.5,0,0
2026-05-02T08:04:00,0,0,0.15208261460065842,0.0,0.0,19.6,46.5,0,0
2026-05-02T08:05:00,0,0,0.19716671109199524,0.0,0.0,19.6,46.5,0,0
2026-05-02T08:06:00,0,0,0.2012890875339508,0.0,0.0,19.6,46.5,0,0
2026-05-02T08:07:01,0,0,0.20592978596687317,0.0,0.0,19.5,46.5,0,0
2026-05-02T08:08:01,0,0,0.21667909870545068,0.0,0.0,19.6,46.5,0,0
2026-05-02T08:09:01,0,0,0.12589130674799284,0.0,0.0,19.6,46.5,0,0
2026-05-02T08:10:01,0,0,0.181190292040507,0.0,0.0,19.6,46.5,0,0
2026-05-02T08:11:01,0,0,0.20264668265978494,0.0,0.0,19.6,46.5,0,0
2026-05-02T08:12:01,0,0,0.19331653167804083,0.0,0.0,19.5,46.5,0,0
2026-05-02T08:13:01,0,0,0.31987257798512775,0.0,0.0,19.6,46.5,0,0
2026-05-02T08:14:01,0,0,0.35894762972990674,0.0,0.0,19.6,46.5,0,0
2026-05-02T08:15:01,0,0,0.26005076865355176,0.0,0.0,19.6,46.4,0,0
2026-05-02T08:16:01,0,0,0.28246355801820755,0.0,0.0,19.6,46.4,0,0
2026-05-02T08:17:01,0,0,0.2930489132801692,0.0,0.0,19.6,46.4,0,0
2026-05-02T08:18:01,0,0,0.24748323609431586,0.0,0.0,19.6,46.4,0,0
2026-05-02T08:19:01,0,0,0.18142918994029364,0.0,0.0,19.5,46.4,0,0
2026-05-02T08:20:01,0,0,0.23479364067316055,0.0,0.0,19.6,46.4,0,0
2026-05-02T08:21:01,0,0,0.1798295577367147,0.0,0.0,19.6,46.5,0,0
2026-05-02T08:22:01,0,0,0.2258636678258578,0.0,0.0,19.6,46.4,0,0
2026-05-02T08:23:01,0,0,0.2115079971651236,0.0,0.0,19.6,46.4,0,0
2026-05-02T08:24:01,0,0,0.1996337647239367,0.0,0.0,19.6,46.4,0,0
2026-05-02T08:25:01,0,0,0.20208393534024557,0.0,0.0,19.5,46.4,0,0
2026-05-02T08:26:01,0,0,0.23815451562404633,0.0,0.0,19.6,46.4,0,0
2026-05-02T08:27:01,0,0,0.24495317290226618,0.0,0.0,19.6,46.4,0,0
2026-05-02T08:28:02,0,0,0.13735134899616241,0.0,0.0,19.6,46.4,0,0
2026-05-02T08:29:02,0,0,0.3335968678196271,0.0,0.0,19.6,46.4,0,0
2026-05-02T08:30:02,0,0,0.25987986226876575,0.0,0.0,19.6,46.4,0,0
2026-05-02T08:31:02,0,0,0.3566773906350136,0.0,0.0,19.5,46.4,0,0
2026-05-02T08:32:02,0,0,0.29601827015479404,0.0,0.0,19.6,46.4,0,0
2026-05-02T08:33:02,0,0,0.19346386194229126,0.0,0.0,19.6,46.4,0,0
2026-05-02T08:34:02,0,0,0.24044504264990488,0.0,0.0,19.6,46.4,0,0
2026-05-02T08:35:02,0,0,0.15929088989893594,0.0,0.0,19.5,46.4,0,0
2026-05-02T08:36:02,0,0,0.2753276452422142,0.0,0.0,19.5,46.4,0,0
2026-05-02T08:37:02,0,0,0.2810622329513232,0.0,0.0,19.6,46.4,0,0
2026-05-02T08:38:02,0,0,0.13255326077342033,0.0,0.0,19.5,46.4,0,0
2026-05-02T08:39:02,0,0,0.3142361690600713,0.0,0.0,19.6,46.4,0,0
2026-05-02T08:40:02,0,0,0.20580522219340006,0.0,0.0,19.6,46.4,0,0
2026-05-02T08:41:02,0,0,0.2048199251294136,0.0,0.0,19.6,46.4,0,0
2026-05-02T08:42:02,0,0,0.17500775679945946,0.0,0.0,19.6,46.4,0,0
2026-05-02T08:43:02,0,0,0.24469687044620514,0.0,0.0,19.6,46.4,0,0
2026-05-02T08:44:02,0,0,0.21144312371810278,0.0,0.0,19.5,46.4,0,0
2026-05-02T08:45:02,0,0,0.19424015283584595,0.0,0.0,19.5,46.4,0,0
2026-05-02T08:46:02,0,0,0.18685157597064972,0.0,0.0,19.5,46.4,0,0
2026-05-02T08:47:02,0,0,0.11715329562624295,0.0,0.0,19.6,46.4,0,0
2026-05-02T08:48:02,0,0,0.17640477046370506,0.0,0.0,19.6,46.4,0,0
2026-05-02T08:49:03,0,0,0.13113548109928766,0.0,0.0,19.6,46.4,0,0
2026-05-02T08:50:03,0,0,0.12913304443160692,0.0,0.0,19.5,46.4,0,0
2026-05-02T08:51:03,0,0,0.22594211747248968,0.0,0.0,19.5,46.4,0,0
2026-05-02T08:52:03,0,0,0.13976509869098663,0.0,0.0,19.6,46.4,0,0
2026-05-02T08:53:03,0,0,0.22576860338449478,0.0,0.0,19.5,46.4,0,0
2026-05-02T08:54:03,0,0,0.18817366659641266,0.0,0.0,19.5,46.4,0,0
2026-05-02T08:55:03,0,0,0.2403359698752562,0.0,0.0,19.6,46.4,0,0
2026-05-02T08:56:03,0,0,0.2390099068482717,0.0,0.0,19.6,46.4,0,0
2026-05-02T08:57:03,0,0,0.21325809260209402,0.0,0.0,19.5,46.4,0,0
2026-05-02T08:58:03,0,0,0.24142209192117056,0.0,0.0,19.6,46.4,0,0
2026-05-02T08:59:03,0,0,0.3116415465871493,0.0,0.0,19.6,46.4,0,0
2026-05-02T09:00:03,0,0,0.23324115574359894,0.0,0.0,19.6,46.4,0,0
2026-05-02T09:01:03,0,0,0.23712819069623947,0.0,0.0,19.5,46.4,0,0
2026-05-02T09:02:03,0,0,0.3272893677155177,0.0,0.0,19.5,46.4,0,0
2026-05-02T09:03:03,0,0,0.16603507722417513,0.0,0.0,19.6,46.4,0,0
2026-05-02T09:04:03,0,0,0.21726968015233675,0.0,0.0,19.5,46.4,0,0
2026-05-02T09:05:03,0,0,0.1748278165856997,0.0,0.0,19.5,46.4,0,0
2026-05-02T09:06:03,0,0,0.2001532862583796,0.0,0.0,19.5,46.4,0,0
2026-05-02T09:07:03,0,0,0.19573868562777838,0.0,0.0,19.5,46.4,0,0
2026-05-02T09:08:03,0,0,0.2958730657895406,0.0,0.0,19.5,46.4,0,0
2026-05-02T09:09:03,0,0,0.3641662299633026,0.0,0.0,19.5,46.4,0,0
2026-05-02T09:10:04,0,0,0.211992084980011,0.0,0.0,19.6,46.4,0,0
2026-05-02T09:11:04,0,0,0.19292162855466208,0.0,0.0,19.5,46.4,0,0
2026-05-02T09:12:04,0,0,0.1972208321094513,0.0,0.0,19.5,46.4,0,0
2026-05-02T09:13:04,0,0,0.18273514260848364,0.0,0.0,19.6,46.4,0,0
2026-05-02T09:14:04,0,0,0.2226488913098971,0.0,0.0,19.5,46.4,0,0
2026-05-02T09:15:04,0,0,0.3015514587362607,0.0,0.0,19.5,46.4,0,0
2026-05-02T09:16:04,0,0,0.2511143833398819,0.0,0.0,19.5,46.4,0,0
2026-05-02T09:17:04,0,0,0.24857056637605032,0.0,0.0,19.6,46.4,0,0
2026-05-02T09:18:04,0,0,0.3339461088180542,0.0,0.0,19.5,46.4,0,0
2026-05-02T09:19:04,0,0,0.3952352950970332,0.0,0.0,19.5,46.4,0,0
2026-05-02T09:20:04,0,0,0.2566976249217987,0.0,0.0,19.6,46.4,0,0
2026-05-02T09:21:04,0,0,0.3321700816353162,0.0,0.0,19.6,46.4,0,0
2026-05-02T09:22:04,0,0,0.17103632787863413,0.0,0.0,19.6,46.4,0,0
2026-05-02T09:23:04,0,0,0.22918768972158432,0.0,0.0,19.5,46.4,0,0
2026-05-02T09:24:04,0,0,0.3147159417470296,0.0,0.0,19.5,46.4,0,0
2026-05-02T09:25:04,0,0,0.24050264060497284,0.0,0.0,19.5,46.4,0,0
2026-05-02T09:26:04,0,0,0.34088273843129474,0.0,0.0,19.5,46.4,0,0
2026-05-02T09:27:04,0,0,0.2648114462693532,0.0,0.0,19.5,46.4,0,0
2026-05-02T09:28:04,0,0,0.18113095064957938,0.0,0.0,19.5,46.4,0,0
2026-05-02T09:29:04,0,0,0.2608915790915489,0.0,0.0,19.5,46.4,0,0
2026-05-02T09:30:04,0,0,0.3045421466231346,0.0,0.0,19.6,46.4,0,0
2026-05-02T09:31:05,0,0,0.2526839350660642,0.0,0.0,19.5,46.4,0,0
2026-05-02T09:32:05,0,0,0.23225038746992746,0.0,0.0,19.5,46.4,0,0
2026-05-02T09:33:05,0,0,0.398967869579792,0.0,0.0,19.5,46.4,0,0
2026-05-02T09:34:05,0,0,0.22175450126330057,0.0,0.0,19.5,46.4,0,0
2026-05-02T09:35:05,0,0,0.2079401562611262,0.0,0.0,19.5,46.4,0,0
2026-05-02T09:36:05,0,0,0.19446705530087152,0.0,0.0,19.6,46.4,0,0
2026-05-02T09:37:05,0,0,0.11912973100940387,0.0,0.0,19.5,46.4,0,0
2026-05-02T09:38:05,0,0,0.1766632298628489,0.0,0.0,19.5,46.4,0,0
2026-05-02T09:39:05,0,0,0.1324059801797072,0.0,0.0,19.5,46.4,0,0
2026-05-02T09:40:05,0,0,0.24811377376317978,0.0,0.0,19.5,46.4,0,0
2026-05-02T09:41:05,0,0,0.20273853093385696,0.0,0.0,19.6,46.4,0,0
2026-05-02T09:42:05,0,0,0.21977216005325317,0.0,0.0,19.5,46.4,0,0
2026-05-02T09:43:05,0,0,0.17246131350596747,0.0,0.0,19.5,46.4,0,0
2026-05-02T09:44:05,0,0,0.2064193139473597,0.0,0.0,19.6,46.4,0,0
2026-05-02T09:45:05,0,0,0.10806481912732124,0.0,0.0,19.5,46.4,0,0
2026-05-02T09:46:05,0,0,0.22772584358851114,0.0,0.0,19.5,46.4,0,0
2026-05-02T09:47:05,0,0,0.1773311123251915,0.0,0.0,19.6,46.4,0,0
2026-05-02T09:48:05,0,0,0.1783006601035595,0.0,0.0,19.5,46.4,0,0
2026-05-02T09:49:05,0,0,0.19836565852165222,0.0,0.0,19.5,46.4,0,0
2026-05-02T09:50:05,0,0,0.17953921978672346,0.0,0.0,19.5,46.4,0,0
2026-05-02T09:51:05,0,0,0.17365122586488724,0.0,0.0,19.5,46.4,0,0
2026-05-02T09:52:05,0,0,0.25819378594557446,0.0,0.0,19.5,46.4,0,0
2026-05-02T09:53:06,0,0,0.38068750500679016,0.0,0.0,19.5,46.4,0,0
2026-05-02T09:54:06,0,0,0.21234449620048204,0.0,0.0,19.5,46.3,0,0
2026-05-02T09:55:06,0,0,0.23009751240412393,0.0,0.0,19.5,46.4,0,0
2026-05-02T09:56:06,0,0,0.38224413990974426,0.0,0.0,19.5,46.4,0,0
2026-05-02T09:57:06,0,0,0.29537565012772876,0.0,0.0,19.5,46.4,0,0
2026-05-02T09:58:06,0,0,0.22660203029712042,0.0,0.0,19.5,46.4,0,0
2026-05-02T09:59:06,0,0,0.20362672954797745,0.0,0.0,19.5,46.4,0,0
2026-05-02T10:00:06,0,0,0.20151826242605844,0.0,0.0,19.5,46.4,0,0
2026-05-02T10:01:06,0,0,0.32117922107378644,0.0,0.0,19.5,46.3,0,0
2026-05-02T10:02:06,0,0,0.39175475140412647,0.0,0.0,19.5,46.3,0,0
2026-05-02T10:03:06,0,0,0.2772834748029709,0.0,0.0,19.5,46.4,0,0
2026-05-02T10:04:06,0,0,0.1947487642367681,0.0,0.0,19.5,46.3,0,0
2026-05-02T10:05:06,0,0,0.2930164908369382,0.0,0.0,19.5,46.4,0,0
2026-05-02T10:06:06,0,0,0.24750392138957977,0.0,0.0,19.5,46.4,0,0
2026-05-02T10:07:06,0,0,0.29170195758342743,0.0,0.0,19.5,46.4,0,0
2026-05-02T10:08:06,0,0,0.14801155403256416,0.0,0.0,19.5,46.3,0,0
2026-05-02T10:09:06,0,0,0.10758678366740544,0.0,0.0,19.5,46.3,0,0
2026-05-02T10:10:06,0,0,0.15788559367259344,0.0,0.0,19.5,46.3,0,0
2026-05-02T10:11:06,0,0,0.24664289255936941,0.0,0.0,19.5,46.3,0,0
2026-05-02T10:12:06,0,0,0.19712846726179123,0.0,0.0,19.5,46.4,0,0
2026-05-02T10:13:06,0,0,0.17739782482385635,0.0,0.0,19.5,46.3,0,0
2026-05-02T10:14:07,0,0,0.15291549637913704,0.0,0.0,19.5,46.3,0,0
2026-05-02T10:15:07,0,0,0.19656105836232504,0.0,0.0,19.5,46.3,0,0
2026-05-02T10:16:07,0,0,0.22666227320830026,0.0,0.0,19.6,46.3,0,0
2026-05-02T10:17:07,0,0,0.19484555969635645,0.0,0.0,19.5,46.4,0,0
2026-05-02T10:18:07,0,0,0.27825918421149254,0.0,0.0,19.5,46.3,0,0
2026-05-02T10:19:07,0,0,0.11659863715370496,0.0,0.0,19.5,46.3,0,0
2026-05-02T10:20:07,0,0,0.1709628440439701,0.0,0.0,19.6,46.3,0,0
2026-05-02T10:21:07,0,0,0.18689383814732233,0.0,0.0,19.5,46.3,0,0
2026-05-02T10:22:07,0,0,0.14268527925014496,0.0,0.0,19.5,46.3,0,0
2026-05-02T10:23:07,0,0,0.19404474149147669,0.0,0.0,19.5,46.3,0,0
2026-05-02T10:24:07,0,0,0.27154093484083813,0.0,0.0,19.5,46.3,0,0
2026-05-02T10:25:07,0,0,0.294238140185674,0.0,0.0,19.5,46.3,0,0
2026-05-02T10:26:07,0,0,0.3255489567915599,0.0,0.0,19.5,46.3,0,0
2026-05-02T10:27:07,0,0,0.24855321645736694,0.0,0.0,19.6,46.3,0,0
2026-05-02T10:28:07,0,0,0.30906349917252857,0.0,0.0,19.5,46.3,0,0
2026-05-02T10:29:07,0,0,0.39749375482400257,0.0,0.0,19.5,46.3,0,0
2026-05-02T10:30:07,0,0,0.3576057975490888,0.0,0.0,19.6,46.3,0,0
2026-05-02T10:31:07,0,0,0.46375710765520733,0.0,0.0,19.5,46.3,0,0
2026-05-02T10:32:07,0,0,0.3035653879245122,0.0,0.0,19.5,46.3,0,0
2026-05-02T10:33:07,0,0,0.29007139553626377,0.0,0.0,19.5,46.3,0,0
2026-05-02T10:34:07,0,0,0.15728072573741278,0.0,0.0,19.6,46.3,0,0
2026-05-02T10:35:08,0,0,0.18483098596334457,0.0,0.0,19.5,46.3,0,0
2026-05-02T10:36:08,0,0,0.21595888336499533,0.0,0.0,19.5,46.3,0,0
2026-05-02T10:37:08,0,0,0.32506878425677616,0.0,0.0,19.5,46.3,0,0
2026-05-02T10:38:08,0,0,0.3842514952023824,0.0,0.0,19.6,46.3,0,0
2026-05-02T10:39:08,0,0,0.18468930323918661,0.0,0.0,19.5,46.3,0,0
2026-05-02T10:40:08,0,0,0.2773749902844429,0.0,0.0,19.5,46.3,0,0
2026-05-02T10:41:08,0,0,0.2802501718203227,0.0,0.0,19.5,46.3,0,0
2026-05-02T10:42:08,0,0,0.45179756979147595,0.0,0.0,19.5,46.3,0,0
2026-05-02T10:43:08,0,0,0.2386950726310412,0.0,0.0,19.5,46.3,0,0
2026-05-02T10:44:08,0,0,0.3062434022625287,0.0,0.0,19.6,46.3,0,0
2026-05-02T10:45:08,0,0,0.26683856795231503,0.0,0.0,19.5,46.3,0,0
2026-05-02T10:46:08,0,0,0.2615137795607249,0.0,0.0,19.5,46.3,0,0
2026-05-02T10:47:08,0,0,0.17895347625017166,0.0,0.0,19.6,46.3,0,0
2026-05-02T10:48:08,0,0,0.26403671006361645,0.0,0.0,19.6,46.3,0,0
2026-05-02T10:49:08,0,0,0.2513457511862119,0.0,0.0,19.5,46.3,0,0
2026-05-02T10:50:08,0,0,0.25988200058539707,0.0,0.0,19.5,46.3,0,0
2026-05-02T10:51:08,0,0,0.27837559084097546,0.0,0.0,19.6,46.3,0,0
2026-05-02T10:52:08,0,0,0.19162202378114065,0.0,0.0,19.6,46.3,0,0
2026-05-02T10:53:08,0,0,0.34051502496004105,0.0,0.0,19.6,46.3,0,0
2026-05-02T10:54:08,0,0,0.2298919421931108,0.0,0.0,19.5,46.2,0,0
2026-05-02T10:55:08,0,0,0.15032824501395226,0.0,0.0,19.5,46.3,0,0
2026-05-02T10:56:09,0,0,0.2946718353778124,0.0,0.0,19.5,46.3,0,0
2026-05-02T10:57:09,0,0,0.2632768576343854,0.0,0.0,19.5,46.2,0,0
2026-05-02T10:58:09,0,0,0.2445866862932841,0.0,0.0,19.5,46.2,0,0
2026-05-02T10:59:09,0,0,0.23156247784694037,0.0,0.0,19.5,46.2,0,0
2026-05-02T11:00:09,0,0,0.20032867789268494,0.0,0.0,19.5,46.2,0,0
2026-05-02T11:01:09,0,0,0.37044838567574817,0.0,0.0,19.5,46.2,0,0
2026-05-02T11:02:09,0,0,0.3161025792360306,0.0,0.0,19.5,46.2,0,0
2026-05-02T11:03:09,0,0,0.37382615109284717,0.0,0.0,19.5,46.2,0,0
2026-05-02T11:04:09,0,0,0.31459255516529083,0.0,0.0,19.5,46.2,0,0
2026-05-02T11:05:09,0,0,0.22660206506649652,0.0,0.0,19.5,46.2,0,0
2026-05-02T11:06:09,0,0,0.2562183390061061,0.0,0.0,19.5,46.2,0,0
2026-05-02T11:07:09,0,0,0.2701348513364792,0.0,0.0,19.5,46.2,0,0
2026-05-02T11:08:09,0,0,0.24868559837341309,0.0,0.0,19.5,46.2,0,0
2026-05-02T11:09:09,0,0,0.24338574955860773,0.0,0.0,19.5,46.2,0,0
2026-05-02T11:10:09,0,0,0.22168503825863203,0.0,0.0,19.6,46.2,0,0
2026-05-02T11:11:09,0,0,0.21911607682704926,0.0,0.0,19.5,46.2,0,0
2026-05-02T11:12:09,0,0,0.30334805448849994,0.0,0.0,19.5,46.2,0,0
2026-05-02T11:13:09,0,0,0.19682743027806282,0.0,0.0,19.5,46.2,0,0
2026-05-02T11:14:09,0,0,0.24660755693912506,0.0,0.0,19.5,46.2,0,0
2026-05-02T11:15:09,0,0,0.24466592570145926,0.0,0.0,19.6,46.2,0,0
2026-05-02T11:16:09,0,0,0.24930351475874582,0.0,0.0,19.6,46.2,0,0
2026-05-02T11:17:00,0,0,0.17574741095304489,0.0,0.0,19.5,46.2,0,0
2026-05-02T11:18:00,0,0,0.34895142167806625,0.0,0.0,19.5,46.2,0,0
2026-05-02T11:19:00,0,0,0.27410748849312466,0.0,0.0,19.5,46.2,0,0
2026-05-02T11:20:00,0,0,0.28175148864587146,0.0,0.0,19.6,46.1,0,0
2026-05-02T11:21:00,0,0,0.2828286439180374,0.0,0.0,19.5,46.1,0,0
2026-05-02T11:22:00,0,0,0.33664965877930325,0.0,0.0,19.5,46.1,0,0
2026-05-02T11:23:00,0,0,0.37102175255616504,0.0,0.0,19.5,46.1,0,0
2026-05-02T11:24:00,0,0,0.29861261943976086,0.0,0.0,19.5,46.1,0,0
2026-05-02T11:25:00,0,0,0.21675640220443407,0.0,0.0,19.5,46.1,0,0
2026-05-02T11:26:00,0,0,0.20419172197580338,0.0,0.0,19.5,46.1,0,0
2026-05-02T11:27:00,0,0,0.25504451990127563,0.0,0.0,19.5,46.1,0,0
2026-05-02T11:28:00,0,0,0.3222246840596199,0.0,0.0,19.6,46.1,0,0
2026-05-02T11:29:00,0,0,0.2826193968454997,0.0,0.0,19.5,46.1,0,0
2026-05-02T11:30:00,0,0,0.25271808356046677,0.0,0.0,19.5,46.1,0,0
2026-05-02T11:31:00,0,0,0.19188669820626578,0.0,0.0,19.5,46.1,0,0
2026-05-02T11:32:00,0,0,0.16442894811431566,0.0,0.0,19.5,46.1,0,0
2026-05-02T11:33:00,0,0,0.22861545036236444,0.0,0.0,19.5,46.1,0,0
2026-05-02T11:34:00,0,0,0.21565811336040497,0.0,0.0,19.5,46.1,0,0
2026-05-02T11:35:00,0,0,0.2333704580863317,0.0,0.0,19.5,46.1,0,0
2026-05-02T11:36:00,0,0,0.2554590180516243,0.0,0.0,19.5,46.1,0,0
2026-05-02T11:37:00,0,0,0.30077260732650757,0.0,0.0,19.5,46.1,0,0
2026-05-02T11:38:01,0,0,0.2419681673248609,0.0,0.0,19.5,46.1,0,0
2026-05-02T11:39:01,0,0,0.20827222615480423,0.0,0.0,19.5,46.1,0,0
2026-05-02T11:40:01,0,0,0.21420888230204582,0.0,0.0,19.6,46.1,0,0
2026-05-02T11:41:01,0,0,0.2793917953968048,0.0,0.0,19.5,46.1,0,0
2026-05-02T11:42:01,0,0,0.29606932401657104,0.0,0.0,19.6,46.1,0,0
2026-05-02T11:43:01,0,0,0.31231166422367096,0.0,0.0,19.6,46.1,0,0
2026-05-02T11:44:01,0,0,0.33716479937235516,0.0,0.0,19.6,46.1,0,0
2026-05-02T11:45:01,0,0,0.2193521186709404,0.0,0.0,19.5,46.1,0,0
2026-05-02T11:46:01,0,0,0.1991305152575175,0.0,0.0,19.6,46.1,0,0
2026-05-02T11:47:01,0,0,0.4335065856575966,0.0,0.0,19.5,46.0,0,0
2026-05-02T11:48:01,0,0,0.28070856879154843,0.0,0.0,19.5,46.1,0,0
2026-05-02T11:49:01,0,0,0.2975074052810669,0.0,0.0,19.5,46.1,0,0
2026-05-02T11:50:01,0,0,0.25918933749198914,0.0,0.0,19.5,46.0,0,0
2026-05-02T11:51:01,0,0,0.15015388776858649,0.0,0.0,19.5,46.0,0,0
2026-05-02T11:52:01,0,0,0.15675093109409013,0.0,0.0,19.6,46.0,0,0
2026-05-02T11:53:01,0,0,0.17435257136821747,0.0,0.0,19.6,46.0,0,0
2026-05-02T11:54:01,0,0,0.19381574541330338,0.0,0.0,19.5,46.0,0,0
2026-05-02T11:55:01,0,0,0.38091739763816196,0.0,0.0,19.5,46.0,0,0
2026-05-02T11:56:01,0,0,0.2117124249537786,0.0,0.0,19.5,46.0,0,0
2026-05-02T11:57:01,0,0,0.23188958565394083,0.0,0.0,19.6,46.0,0,0
2026-05-02T11:58:01,0,0,0.355822650094827,0.0,0.0,19.5,46.0,0,0
2026-05-02T11:59:02,0,0,0.3289277305205663,0.0,0.0,19.5,46.0,0,0
2026-05-02T12:00:02,0,0,0.21294601758321127,0.0,0.0,19.6,46.0,0,0
2026-05-02T12:01:02,0,0,0.5823453565438589,0.0,0.0,19.6,46.0,0,0
2026-05-02T12:02:02,0,0,0.22824214398860931,0.0,0.0,19.5,46.0,0,0
2026-05-02T12:03:02,0,0,0.46253133565187454,0.0,0.0,19.5,46.0,0,0
2026-05-02T12:04:02,0,0,0.2713139330347379,0.0,0.0,19.5,46.0,0,0
2026-05-02T12:05:02,0,0,0.2249828353524208,0.0,0.0,19.5,46.0,0,0
2026-05-02T12:06:02,0,0,0.23584257811307907,0.0,0.0,19.5,46.0,0,0
2026-05-02T12:07:02,0,0,0.306388296186924,0.0,0.0,19.6,46.0,0,0
2026-05-02T12:08:02,0,0,0.2222634901603063,0.0,0.0,19.5,46.0,0,0
2026-05-02T12:09:02,0,0,0.16534674167633057,0.0,0.0,19.5,46.0,0,0
2026-05-02T12:10:02,0,0,0.1961007701853911,0.0,0.0,19.5,46.0,0,0
2026-05-02T12:11:02,0,0,0.18788524717092514,0.0,0.0,19.5,46.0,0,0
2026-05-02T12:12:02,0,0,0.13836244121193886,0.0,0.0,19.5,46.0,0,0
2026-05-02T12:13:02,0,0,0.2187961588303248,0.0,0.0,19.5,46.0,0,0
2026-05-02T12:14:02,0,0,0.14948085819681486,0.0,0.0,19.6,45.9,0,0
2026-05-02T12:15:02,0,0,0.30732635284463566,0.0,0.0,19.5,46.0,0,0
2026-05-02T12:16:02,0,0,0.2812542865673701,0.0,0.0,19.6,46.0,0,0
2026-05-02T12:17:02,0,0,0.21464752157529196,0.0,0.0,19.5,46.0,0,0
2026-05-02T12:18:02,0,0,0.2564268186688423,0.0,0.0,19.5,45.9,0,0
2026-05-02T12:19:02,0,0,0.27713732173045474,0.0,0.0,19.5,45.9,0,0
2026-05-02T12:20:03,0,0,0.24564019590616226,0.0,0.0,19.5,45.9,0,0
2026-05-02T12:21:03,0,0,0.21557592352231345,0.0,0.0,19.6,45.9,0,0
2026-05-02T12:22:03,0,0,0.27542006472746533,0.0,0.0,19.5,45.9,0,0
2026-05-02T12:23:03,0,0,0.3197883069515228,0.0,0.0,19.5,45.9,0,0
2026-05-02T12:24:03,0,0,0.2995392282803853,0.0,0.0,19.6,45.9,0,0
2026-05-02T12:25:03,0,0,0.31384316583474475,0.0,0.0,19.5,45.9,0,0
2026-05-02T12:26:03,0,0,0.29766730467478436,0.0,0.0,19.6,45.9,0,0
2026-05-02T12:27:03,0,0,0.24016469220320383,0.0,0.0,19.5,45.9,0,0
2026-05-02T12:28:03,0,0,0.1940815175573031,0.0,0.0,19.5,45.9,0,0
2026-05-02T12:29:03,0,0,0.258518452445666,0.0,0.0,19.5,45.9,0,0
2026-05-02T12:30:03,0,0,0.21946540971597037,0.0,0.0,19.6,45.9,0,0
2026-05-02T12:31:03,0,0,0.336650051176548,0.0,0.0,19.5,45.9,0,0
2026-05-02T12:32:03,0,0,0.2267245203256607,0.0,0.0,19.5,45.9,0,0
2026-05-02T12:33:03,0,0,0.1920914128422737,0.0,0.0,19.6,45.9,0,0
2026-05-02T12:34:03,0,0,0.32525457814335823,0.0,0.0,19.5,45.9,0,0
2026-05-02T12:35:03,0,0,0.20139852414528528,0.0,0.0,19.6,45.9,0,0
2026-05-02T12:36:03,0,0,0.2541223466396332,0.0,0.0,19.5,45.9,0,0
2026-05-02T12:37:03,0,0,0.2131243422627449,0.0,0.0,19.5,45.9,0,0
2026-05-02T12:38:03,0,0,0.349059596657753,0.0,0.0,19.5,45.9,0,0
2026-05-02T12:39:03,0,0,0.3194635659456253,0.0,0.0,19.6,45.9,0,0
2026-05-02T12:40:03,0,0,0.19832621763149896,0.0,0.0,19.6,45.9,0,0
2026-05-02T12:41:04,0,0,0.12651467820008597,0.0,0.0,19.5,45.9,0,0
2026-05-02T12:42:04,0,0,0.23253478358189264,0.0,0.0,19.6,45.9,0,0
2026-05-02T12:43:04,0,0,0.20835748314857483,0.0,0.0,19.6,45.9,0,0
2026-05-02T12:44:04,0,0,0.2407783567905426,0.0,0.0,19.6,45.9,0,0
2026-05-02T12:45:04,0,0,0.2763972282409668,0.0,0.0,19.5,45.9,0,0
2026-05-02T12:46:04,0,0,0.30580798784891766,0.0,0.0,19.5,45.9,0,0
2026-05-02T12:47:04,0,0,0.25137872745593387,0.0,0.0,19.6,45.9,0,0
2026-05-02T12:48:04,0,0,0.167432668308417,0.0,0.0,19.5,45.9,0,0
2026-05-02T12:49:04,0,0,0.1787244752049446,0.0,0.0,19.5,45.9,0,0
2026-05-02T12:50:04,0,0,0.2588489850362142,0.0,0.0,19.5,45.9,0,0
2026-05-02T12:51:04,0,0,0.2201216717561086,0.0,0.0,19.5,45.9,0,0
2026-05-02T12:52:04,0,0,0.24418889979521433,0.0,0.0,19.5,45.9,0,0
2026-05-02T12:53:04,0,0,0.18118569379051527,0.0,0.0,19.5,45.8,0,0
2026-05-02T12:54:04,0,0,0.21356828262408575,0.0,0.0,19.5,45.9,0,0
2026-05-02T12:55:04,0,0,0.13820392514268556,0.0,0.0,19.6,45.9,0,0
2026-05-02T12:56:04,0,0,0.32116304337978363,0.0,0.0,19.6,45.8,0,0
2026-05-02T12:57:04,0,0,0.1986548975110054,0.0,0.0,19.5,45.9,0,0
2026-05-02T12:58:04,0,0,0.3955048422018687,0.0,0.0,19.5,45.9,0,0
2026-05-02T12:59:04,0,0,0.16915600125988325,0.0,0.0,19.5,45.8,0,0
2026-05-02T13:00:04,0,0,0.1342863974471887,0.0,0.0,19.6,45.8,0,0
2026-05-02T13:01:04,0,0,0.23891818523406982,0.0,0.0,19.5,45.8,0,0
2026-05-02T13:02:04,0,0,0.26516203830639523,0.0,0.0,19.5,45.9,0,0
2026-05-02T13:03:05,0,0,0.26804104695717496,0.0,0.0,19.5,45.8,0,0
2026-05-02T13:04:05,0,0,0.20605566600958505,0.0,0.0,19.5,45.9,0,0
2026-05-02T13:05:05,0,0,0.3385143925746282,0.0,0.0,19.5,45.8,0,0
2026-05-02T13:06:05,0,0,0.27351489911476773,0.0,0.0,19.5,45.8,0,0
2026-05-02T13:07:05,0,0,0.15145008886853853,0.0,0.0,19.5,45.8,0,0
2026-05-02T13:08:05,0,0,0.3590743616223335,0.0,0.0,19.5,45.8,0,0
2026-05-02T13:09:05,0,0,0.44080868860085803,0.0,0.0,19.6,45.8,0,0
2026-05-02T13:10:05,0,0,0.2867468347152074,0.0,0.0,19.5,45.8,0,0
2026-05-02T13:11:05,0,0,0.24665446082750955,0.0,0.0,19.5,45.8,0,0
2026-05-02T13:12:05,0,0,0.25526994094252586,0.0,0.0,19.5,45.8,0,0
2026-05-02T13:13:05,0,0,0.2982121283809344,0.0,0.0,19.5,45.8,0,0
2026-05-02T13:14:05,0,0,0.3383094370365143,0.0,0.0,19.6,45.8,0,0
2026-05-02T13:15:05,0,0,0.16960667073726654,0.0,0.0,19.5,45.8,0,0
2026-05-02T13:16:05,0,0,0.18847071131070456,0.0,0.0,19.5,45.8,0,0
2026-05-02T13:17:05,0,0,0.29369770735502243,0.0,0.0,19.5,45.8,0,0
2026-05-02T13:18:05,0,0,0.3250724176565806,0.0,0.0,19.5,45.8,0,0
2026-05-02T13:19:05,0,0,0.12058592587709427,0.0,0.0,19.5,45.8,0,0
2026-05-02T13:20:05,0,0,0.247210793197155,0.0,0.0,19.5,45.8,0,0
2026-05-02T13:21:05,0,0,0.28945763657490414,0.0,0.0,19.6,45.8,0,0
2026-05-02T13:22:05,0,0,0.17261151348551115,0.0,0.0,19.5,45.8,0,0
2026-05-02T13:23:05,0,0,0.20655727634827295,0.0,0.0,19.5,45.8,0,0
2026-05-02T13:24:06,0,0,0.1786153589685758,0.0,0.0,19.5,45.8,0,0
2026-05-02T13:25:06,0,0,0.23394987483819327,0.0,0.0,19.5,45.8,0,0
2026-05-02T13:26:06,0,0,0.1992110734184583,0.0,0.0,19.5,45.8,0,0
2026-05-02T13:27:06,0,0,0.2287763978044192,0.0,0.0,19.5,45.8,0,0
2026-05-02T13:28:06,0,0,0.37505828340848285,0.0,0.0,19.5,45.8,0,0
2026-05-02T13:29:06,0,0,0.1902159328262011,0.0,0.0,19.5,45.8,0,0
2026-05-02T13:30:06,0,0,0.3027619769175847,0.0,0.0,19.5,45.8,0,0
2026-05-02T13:31:06,0,0,0.3521910458803177,0.0,0.0,19.5,45.8,0,0
2026-05-02T13:32:06,0,0,0.2698255032300949,0.0,0.0,19.5,45.8,0,0
2026-05-02T13:33:06,0,0,0.47508689761161804,0.0,0.0,19.5,45.8,0,0
2026-05-02T13:34:06,0,0,0.22206277400255203,0.0,0.0,19.5,45.8,0,0
2026-05-02T13:35:06,0,0,0.25991976509491604,0.0,0.0,19.5,45.8,0,0
2026-05-02T13:36:06,0,0,0.23400459190209708,0.0,0.0,19.5,45.8,0,0
2026-05-02T13:37:06,0,0,0.2316828047235807,0.0,0.0,19.5,45.8,0,0
2026-05-02T13:38:06,0,0,0.2475401684641838,0.0,0.0,19.5,45.8,0,0
2026-05-02T13:39:06,0,0,0.312654269238313,0.0,0.0,19.5,45.8,0,0
2026-05-02T13:40:06,0,0,0.2575244978070259,0.0,0.0,19.5,45.8,0,0
2026-05-02T13:41:06,0,0,0.2913657526175181,0.0,0.0,19.5,45.8,0,0
2026-05-02T13:42:06,0,0,0.6045642246802648,0.0,0.0,19.5,45.8,0,0
2026-05-02T13:43:06,0,0,0.24370314925909042,0.0,0.0,19.5,45.8,0,0
2026-05-02T13:44:06,0,0,0.19527104993661246,0.0,0.0,19.5,45.8,0,0
2026-05-02T13:45:07,0,0,0.23846990863482156,0.0,0.0,19.5,45.8,0,0
2026-05-02T13:46:07,0,0,0.20737066368261972,0.0,0.0,19.5,45.8,0,0
2026-05-02T13:47:07,0,0,0.3862115467588107,0.0,0.0,19.5,45.8,0,0
2026-05-02T13:48:07,0,0,0.37944763402144116,0.0,0.0,19.5,45.8,0,0
2026-05-02T13:49:07,0,0,0.33984459936618805,0.0,0.0,19.5,45.8,0,0
2026-05-02T13:50:07,0,0,0.19853729009628296,0.0,0.0,19.5,45.8,0,0
2026-05-02T13:51:07,0,0,0.1769556999206543,0.0,0.0,19.5,45.8,0,0
2026-05-02T13:52:07,0,0,0.17983976689477763,0.0,0.0,19.5,45.8,0,0
2026-05-02T13:53:07,0,0,0.32619444529215497,0.0,0.0,19.5,45.8,0,0
2026-05-02T13:54:07,0,0,0.29032505055268604,0.0,0.0,19.5,45.8,0,0
2026-05-02T13:55:07,0,0,0.18195879956086478,0.0,0.0,19.5,45.8,0,0
2026-05-02T13:56:07,0,0,0.24948132783174515,0.0,0.0,19.5,45.8,0,0
2026-05-02T13:57:07,0,0,0.21516075233618417,0.0,0.0,19.5,45.8,0,0
2026-05-02T13:58:07,0,0,0.3379494274655978,0.0,0.0,19.5,45.8,0,0
2026-05-02T13:59:07,0,0,0.5415536363919576,0.0,0.0,19.5,45.8,0,0
2026-05-02T14:00:07,0,0,0.2939508184790611,0.0,0.0,19.5,45.8,0,0
2026-05-02T14:01:07,0,0,0.2534363269805908,0.0,0.0,19.5,45.8,0,0
2026-05-02T14:02:07,0,0,0.33615564554929733,0.0,0.0,19.5,45.8,0,0
2026-05-02T14:03:07,0,0,0.2773183062672615,0.0,0.0,19.5,45.8,0,0
2026-05-02T14:04:07,0,0,0.35163156191507977,0.0,0.0,19.5,45.8,0,0
2026-05-02T14:05:07,0,0,0.3108336627483368,0.0,0.0,19.5,45.8,0,0
2026-05-02T14:06:08,0,0,0.31702308853467304,0.0,0.0,19.5,45.8,0,0
2026-05-02T14:07:08,0,0,0.2933812489112218,0.0,0.0,19.5,45.8,0,0
2026-05-02T14:08:08,0,0,0.3232431660095851,0.0,0.0,19.5,45.8,0,0
2026-05-02T14:09:08,0,0,0.24672634899616241,0.0,0.0,19.6,45.8,0,0
2026-05-02T14:10:08,0,0,0.30213214208682376,0.0,0.0,19.5,45.8,0,0
2026-05-02T14:11:08,0,0,0.27209694186846417,0.0,0.0,19.5,45.8,0,0
2026-05-02T14:12:08,0,0,0.28490881870190304,0.0,0.0,19.5,45.8,0,0
2026-05-02T14:13:08,0,0,0.33952848116556805,0.0,0.0,19.5,45.8,0,0
2026-05-02T14:14:08,0,0,0.2887331272164981,0.0,0.0,19.5,45.8,0,0
2026-05-02T14:15:08,0,0,0.15618382518490156,0.0,0.0,19.5,45.8,0,0
2026-05-02T14:16:08,0,0,0.3591637462377548,0.0,0.0,19.5,45.8,0,0
2026-05-02T14:17:08,0,0,0.38169663151105243,0.0,0.0,19.5,45.8,0,0
2026-05-02T14:18:08,0,0,0.24902416268984476,0.0,0.0,19.5,45.8,0,0
2026-05-02T14:19:08,0,0,0.33820052941640216,0.0,0.0,19.5,45.8,0,0
2026-05-02T14:20:08,0,0,0.35601790249347687,0.0,0.0,19.5,45.8,0,0
2026-05-02T14:21:08,0,0,0.32132645944754284,0.0,0.0,19.5,45.8,0,0
2026-05-02T14:22:08,0,0,0.2791579415400823,0.0,0.0,19.5,45.8,0,0
2026-05-02T14:23:08,0,0,0.2604537134369214,0.0,0.0,19.5,45.8,0,0
2026-05-02T14:24:08,0,0,0.2609220817685127,0.0,0.0,19.5,45.8,0,0
2026-05-02T14:25:08,0,0,0.20609678576389948,0.0,0.0,19.5,45.8,0,0
2026-05-02T14:26:08,0,0,0.3501673291126887,0.0,0.0,19.5,45.8,0,0
2026-05-02T14:27:09,0,0,0.306101734439532,0.0,0.0,19.6,45.8,0,0
2026-05-02T14:28:09,0,0,0.2623239556948344,0.0,0.0,19.5,45.8,0,0
2026-05-02T14:29:09,0,0,0.3693137566248576,0.0,0.0,19.5,45.8,0,0
2026-05-02T14:30:09,0,0,0.42002151906490326,0.0,0.0,19.5,45.8,0,0
2026-05-02T14:31:09,0,0,0.3255750934282939,0.0,0.0,19.5,45.8,0,0
2026-05-02T14:32:09,0,0,0.14474411060412726,0.0,0.0,19.5,45.8,0,0
2026-05-02T14:33:09,0,0,0.31461383899052936,0.0,0.0,19.5,45.8,0,0
2026-05-02T14:34:09,0,0,0.366457703212897,0.0,0.0,19.6,45.8,0,0
2026-05-02T14:35:09,0,0,0.3341747174660365,0.0,0.0,19.5,45.7,0,0
2026-05-02T14:36:09,0,0,0.4242941290140152,0.0,0.0,19.5,45.8,0,0
2026-05-02T14:37:09,0,0,0.40744036932786304,0.0,0.0,19.5,45.8,0,0
2026-05-02T14:38:09,0,0,0.24240134904781976,0.0,0.0,19.5,45.8,0,0
2026-05-02T14:39:09,0,0,0.34019404898087185,0.0,0.0,19.5,45.8,0,0
2026-05-02T14:40:09,0,0,0.3522505809863408,0.0,0.0,19.5,45.8,0,0
2026-05-02T14:41:09,0,0,0.32466908792654675,0.0,0.0,19.5,45.8,0,0
2026-05-02T14:42:09,0,0,0.24749817699193954,0.0,0.0,19.5,45.8,0,0
2026-05-02T14:43:09,0,0,0.23733605444431305,0.0,0.0,19.5,45.8,0,0
2026-05-02T14:44:09,0,0,0.4143431633710861,0.0,0.0,19.5,45.8,0,0
2026-05-02T14:45:09,0,0,0.37252262234687805,0.0,0.0,19.5,45.7,0,0
2026-05-02T14:46:09,0,0,0.3383043160041173,0.0,0.0,19.5,45.7,0,0
2026-05-02T14:47:09,0,0,0.2770909170309703,0.0,0.0,19.5,45.7,0,0
2026-05-02T14:48:10,0,0,0.34841706852118176,0.0,0.0,19.5,45.7,0,0
2026-05-02T14:49:00,0,0,0.29264519214630125,0.0,0.0,19.5,45.7,0,0
2026-05-02T14:50:00,0,0,0.2962153032422066,0.0,0.0,19.5,45.7,0,0
2026-05-02T14:51:00,0,0,0.19390682379404703,0.0,0.0,19.5,45.7,0,0
2026-05-02T14:52:00,0,0,0.2752045765519142,0.0,0.0,19.5,45.7,0,0
2026-05-02T14:53:00,0,0,0.23807374884684881,0.0,0.0,19.5,45.7,0,0
2026-05-02T14:54:00,0,0,0.29831449190775555,0.0,0.0,19.5,45.7,0,0
2026-05-02T14:55:00,0,0,0.1641640563805898,0.0,0.0,19.5,45.7,0,0
2026-05-02T14:56:00,0,0,0.30916401247183484,0.0,0.0,19.5,45.7,0,0
2026-05-02T14:57:00,0,0,0.24518133451541266,0.0,0.0,19.5,45.7,0,0
2026-05-02T14:58:00,0,0,0.2946511556704839,0.0,0.0,19.5,45.7,0,0
2026-05-02T14:59:00,0,0,0.24231081207593283,0.0,0.0,19.5,45.7,0,0
2026-05-02T15:00:00,0,0,0.1873616725206375,0.0,0.0,19.5,45.7,0,0
2026-05-02T15:01:00,0,0,0.42749224106470746,0.0,0.0,19.5,45.7,0,0
2026-05-02T15:02:00,0,0,0.25097206979990005,0.0,0.0,19.5,45.7,0,0
2026-05-02T15:03:00,0,0,0.17166118572155634,0.0,0.0,19.5,45.7,0,0
2026-05-02T15:04:00,0,0,0.2635011499126752,0.0,0.0,19.5,45.7,0,0
2026-05-02T15:05:00,0,0,0.30317412316799164,0.0,0.0,19.5,45.7,0,0
2026-05-02T15:06:00,0,0,0.19733132297794023,0.0,0.0,19.5,45.7,0,0
2026-05-02T15:07:00,0,0,0.3181057299176852,0.0,0.0,19.5,45.7,0,0
2026-05-02T15:08:00,0,0,0.47001636524995166,0.0,0.0,19.5,45.7,0,0
2026-05-02T15:09:00,0,0,0.2860749438405037,0.0,0.0,19.5,45.7,0,0
2026-05-02T15:10:01,0,0,0.23184010634819666,0.0,0.0,19.5,45.7,0,0
2026-05-02T15:11:01,0,0,0.2507585609952609,0.0,0.0,19.5,45.7,0,0
2026-05-02T15:12:01,0,0,0.27916976312796277,0.0,0.0,19.5,45.7,0,0
2026-05-02T15:13:01,0,0,0.2528181125720342,0.0,0.0,19.5,45.7,0,0
2026-05-02T15:14:01,0,0,0.3295343592762947,0.0,0.0,19.5,45.7,0,0
2026-05-02T15:15:01,0,0,0.29717584947745007,0.0,0.0,19.5,45.7,0,0
2026-05-02T15:16:01,0,0,0.2807277962565422,0.0,0.0,19.5,45.7,0,0
2026-05-02T15:17:01,0,0,0.41881271700064343,0.0,0.0,19.5,45.7,0,0
2026-05-02T15:18:01,0,0,0.3257557551066081,0.0,0.0,19.5,45.7,0,0
2026-05-02T15:19:01,0,0,0.5315688451131185,0.0,0.0,19.5,45.7,0,0
2026-05-02T15:20:01,0,0,0.6010005176067352,0.0,0.0,19.5,45.7,0,0
2026-05-02T15:21:01,0,0,0.5133042832215627,0.0,0.0,19.5,45.7,0,0
2026-05-02T15:22:01,0,0,0.5124444415171941,0.0,0.0,19.5,45.7,0,0
2026-05-02T15:23:01,0,0,0.3781384378671646,0.0,0.0,19.5,45.7,0,0
2026-05-02T15:24:01,0,0,0.4066440686583519,0.0,0.0,19.5,45.7,0,0
2026-05-02T15:25:01,0,0,0.5134959270556768,0.0,0.0,19.5,45.7,0,0
2026-05-02T15:26:01,0,0,0.4722917874654134,0.0,0.0,19.5,45.7,0,0
2026-05-02T15:27:01,0,0,0.33712859948476154,0.0,0.0,19.5,45.7,0,0
2026-05-02T15:28:01,0,0,0.28914767255385715,0.0,0.0,19.5,45.7,0,0
2026-05-02T15:29:01,0,0,0.43512427310148877,0.0,0.0,19.5,45.7,0,0
2026-05-02T15:30:01,0,0,0.3525506208340327,0.0,0.0,19.5,45.7,0,0
2026-05-02T15:31:02,0,0,0.3659038891394933,0.0,0.0,19.5,45.7,0,0
2026-05-02T15:32:02,0,0,0.2816666414340337,0.0,0.0,19.5,45.7,0,0
2026-05-02T15:33:02,0,0,0.33815189947684604,0.0,0.0,19.5,45.7,0,0
2026-05-02T15:34:02,0,0,0.3467490573724111,0.0,0.0,19.5,45.7,0,0
2026-05-02T15:35:02,0,0,0.4161868517597516,0.0,0.0,19.5,45.7,0,0
2026-05-02T15:36:02,0,0,0.3677178770303726,0.0,0.0,19.5,45.7,0,0
2026-05-02T15:37:02,0,0,0.29237719376881915,0.0,0.0,19.5,45.7,0,0
2026-05-02T15:38:02,0,0,0.3155168319741885,0.0,0.0,19.5,45.7,0,0
2026-05-02T15:39:02,0,0,0.4839384804169337,0.0,0.0,19.5,45.8,0,0
2026-05-02T15:40:02,0,0,0.34127503633499146,0.0,0.0,19.5,45.7,0,0
2026-05-02T15:41:02,0,0,0.23331987857818604,0.0,0.0,19.5,45.8,0,0
2026-05-02T15:42:02,0,0,0.2553221707542737,0.0,0.0,19.5,45.8,0,0
2026-05-02T15:43:02,0,0,0.2795652126272519,0.0,0.0,19.5,45.8,0,0
2026-05-02T15:44:02,0,0,0.27555768688519794,0.0,0.0,19.5,45.8,0,0
2026-05-02T15:45:02,0,0,0.43311025698979694,0.0,0.0,19.5,45.7,0,0
2026-05-02T15:46:02,0,0,0.33763471245765686,0.0,0.0,19.5,45.8,0,0
2026-05-02T15:47:02,0,0,0.24041559795538583,0.0,0.0,19.5,45.7,0,0
2026-05-02T15:48:02,0,0,0.31282105545202893,0.0,0.0,19.5,45.8,0,0
2026-05-02T15:49:02,0,0,0.3685186530152957,0.0,0.0,19.5,45.8,0,0
2026-05-02T15:50:02,0,0,0.5594000717004141,0.0,0.0,19.5,45.8,0,0
2026-05-02T15:51:02,0,0,0.3138125240802765,0.0,0.0,19.5,45.7,0,0
2026-05-02T15:52:03,0,0,0.34211565057436627,0.0,0.0,19.5,45.8,0,0
2026-05-02T15:53:03,0,0,0.37015004456043243,0.0,0.0,19.5,45.8,0,0
2026-05-02T15:54:03,0,0,0.33564716080824536,0.0,0.0,19.5,45.8,0,0
2026-05-02T15:55:03,0,0,0.2489981030424436,0.0,0.0,19.5,45.8,0,0
2026-05-02T15:56:03,0,0,0.21204398820797601,0.0,0.0,19.5,45.8,0,0
2026-05-02T15:57:03,0,0,0.25897424419720966,0.0,0.0,19.5,45.7,0,0
2026-05-02T15:58:03,0,0,0.34729445228974026,0.0,0.0,19.5,45.8,0,0
2026-05-02T15:59:03,0,0,0.4172835797071457,0.0,0.0,19.5,45.8,0,0
2026-05-02T16:00:03,0,0,0.354525754849116,0.0,0.0,19.5,45.8,0,0
2026-05-02T16:01:03,0,0,0.3544882883628209,0.0,0.0,19.5,45.8,0,0
2026-05-02T16:02:03,0,0,0.2940611069401105,0.0,0.0,19.5,45.8,0,0
2026-05-02T16:03:03,0,0,0.36381905277570087,0.0,0.0,19.5,45.8,0,0
2026-05-02T16:04:03,0,0,0.3570249577363332,0.0,0.0,19.5,45.8,0,0
2026-05-02T16:05:03,0,0,0.2755306288599968,0.0,0.0,19.5,45.8,0,0
2026-05-02T16:06:03,0,0,0.3490777413050334,0.0,0.0,19.5,45.8,0,0
2026-05-02T16:07:03,0,0,0.4487287253141403,0.0,0.0,19.5,45.8,0,0
2026-05-02T16:08:03,0,0,0.39981946845849353,0.0,0.0,19.5,45.8,0,0
2026-05-02T16:09:03,0,0,0.2666419173280398,0.0,0.0,19.5,45.8,0,0
2026-05-02T16:10:03,0,0,0.2548947408795357,0.0,0.0,19.5,45.8,0,0
2026-05-02T16:11:03,0,0,0.38747035960356396,0.0,0.0,19.5,45.8,0,0
2026-05-02T16:12:03,0,0,0.2848101556301117,0.0,0.0,19.5,45.8,0,0
2026-05-02T16:13:04,0,0,0.3509456192453702,0.0,0.0,19.5,45.8,0,0
2026-05-02T16:14:04,0,0,0.27538203944762546,0.0,0.0,19.5,45.8,0,0
2026-05-02T16:15:04,0,0,0.3470623369018237,0.0,0.0,19.5,45.8,0,0
2026-05-02T16:16:04,0,0,0.30557450155417126,0.0,0.0,19.5,45.8,0,0
2026-05-02T16:17:04,0,0,0.4845759967962901,0.0,0.0,19.5,45.8,0,0
2026-05-02T16:18:04,0,0,0.2886715605854988,0.0,0.0,19.5,45.8,0,0
2026-05-02T16:19:04,0,0,0.30233439058065414,0.0,0.0,19.5,45.8,0,0
2026-05-02T16:20:04,0,0,0.2398774673541387,0.0,0.0,19.5,45.8,0,0
2026-05-02T16:21:04,0,0,0.21649709095557532,0.0,0.0,19.5,45.8,0,0
2026-05-02T16:22:04,0,0,0.296602522333463,0.0,0.0,19.5,45.8,0,0
2026-05-02T16:23:04,0,0,0.21513757606347403,0.0,0.0,19.5,45.8,0,0
2026-05-02T16:24:04,0,0,0.34572579711675644,0.0,0.0,19.5,45.8,0,0
2026-05-02T16:25:04,0,0,0.3089466094970703,0.0,0.0,19.5,45.8,0,0
2026-05-02T16:26:04,0,0,0.2590988179047902,0.0,0.0,19.5,45.8,0,0
2026-05-02T16:27:04,0,0,0.27223169306914013,0.0,0.0,19.5,45.8,0,0
2026-05-02T16:28:04,0,0,0.305502047141393,0.0,0.0,19.5,45.8,0,0
2026-05-02T16:29:04,0,0,0.1668607716759046,0.0,0.0,19.5,45.8,0,0
2026-05-02T16:30:04,0,0,0.32486798862616223,0.0,0.0,19.5,45.8,0,0
2026-05-02T16:31:04,0,0,0.2683100973566373,0.0,0.0,19.5,45.8,0,0
2026-05-02T16:32:04,0,0,0.27176405241092044,0.0,0.0,19.5,45.8,0,0
2026-05-02T16:33:04,0,0,0.35497208187977475,0.0,0.0,19.5,45.8,0,0
2026-05-02T16:34:05,0,0,0.3064183195432027,0.0,0.0,19.5,45.8,0,0
2026-05-02T16:35:05,0,0,0.3313894172509511,0.0,0.0,19.5,45.8,0,0
2026-05-02T16:36:05,0,0,0.38450561960538227,0.0,0.0,19.5,45.8,0,0
2026-05-02T16:37:05,0,0,0.5030984729528427,0.0,0.0,19.5,45.8,0,0
2026-05-02T16:38:05,0,0,0.24106184393167496,0.0,0.0,19.5,45.8,0,0
2026-05-02T16:39:05,0,0,0.27046862492958706,0.0,0.0,19.5,45.8,0,0
2026-05-02T16:40:05,0,0,0.3187480668226878,0.0,0.0,19.5,45.8,0,0
2026-05-02T16:41:05,0,0,0.38387023905913037,0.0,0.0,19.5,45.8,0,0
2026-05-02T16:42:05,0,0,0.35109194616476697,0.0,0.0,19.5,45.8,0,0
2026-05-02T16:43:05,0,0,0.28657036274671555,0.0,0.0,19.5,45.8,0,0
2026-05-02T16:44:05,0,0,0.41419871151447296,0.0,0.0,19.5,45.8,0,0
2026-05-02T16:45:05,0,0,0.3018976201613744,0.0,0.0,19.5,45.8,0,0
2026-05-02T16:46:05,0,0,0.33576638499895733,0.0,0.0,19.5,45.8,0,0
2026-05-02T16:47:05,0,0,0.2828797350327174,0.0,0.0,19.5,45.8,0,0
2026-05-02T16:48:05,0,0,0.48821573456128436,0.0,0.0,19.5,45.8,0,0
2026-05-02T16:49:05,0,0,0.4265424410502116,0.0,0.0,19.5,45.8,0,0
2026-05-02T16:50:05,0,0,0.2594757229089737,0.0,0.0,19.5,45.8,0,0
2026-05-02T16:51:05,0,0,0.255560336013635,0.0,0.0,19.5,45.8,0,0
2026-05-02T16:52:05,0,0,0.364203800757726,0.0,0.0,19.5,45.8,0,0
2026-05-02T16:53:05,0,0,0.2805545851588249,0.0,0.0,19.5,45.8,0,0
2026-05-02T16:54:05,0,0,0.330375999212265,0.0,0.0,19.5,45.8,0,0
2026-05-02T16:55:06,0,0,0.2979056512316068,0.0,0.0,19.5,45.8,0,0
2026-05-02T16:56:06,0,0,0.32177579154570896,0.0,0.0,19.5,45.8,0,0
2026-05-02T16:57:06,0,0,0.3007730742295583,0.0,0.0,19.5,45.8,0,0
2026-05-02T16:58:06,0,0,0.29864727954069775,0.0,0.0,19.5,45.8,0,0
2026-05-02T16:59:06,0,0,0.560095931092898,0.0,0.0,19.5,45.8,0,0
2026-05-02T17:00:06,0,0,0.35403891901175183,0.0,0.0,19.5,45.8,0,0
2026-05-02T17:01:06,0,0,0.18248830487330756,0.0,0.0,19.5,45.8,0,0
2026-05-02T17:02:06,0,0,0.3594995364546776,0.0,0.0,19.5,45.8,0,0
2026-05-02T17:03:06,0,0,0.4177682399749756,0.0,0.0,19.5,45.8,0,0
2026-05-02T17:04:06,0,0,0.3181860347588857,0.0,0.0,19.5,45.8,0,0
2026-05-02T17:05:06,0,0,0.25347697734832764,0.0,0.0,19.5,45.8,0,0
2026-05-02T17:06:06,0,0,0.4096682320038478,0.0,0.0,19.5,45.8,0,0
2026-05-02T17:07:06,0,0,0.3425632913907369,0.0,0.0,19.5,45.8,0,0
2026-05-02T17:08:06,0,0,0.3092380190889041,0.0,0.0,19.5,45.8,0,0
2026-05-02T17:09:06,0,0,0.32025501877069473,0.0,0.0,19.5,45.8,0,0
2026-05-02T17:10:06,0,0,0.47254855930805206,0.0,0.0,19.5,45.9,0,0
2026-05-02T17:11:06,0,0,0.4771273384491603,0.0,0.0,19.5,45.8,0,0
2026-05-02T17:12:06,0,0,0.3927888770898183,0.0,0.0,19.5,45.8,0,0
2026-05-02T17:13:06,0,0,0.35618602236111957,0.0,0.0,19.5,45.8,0,0
2026-05-02T17:14:06,0,0,0.3158813665310542,0.0,0.0,19.5,45.8,0,0
2026-05-02T17:15:06,0,0,0.27354250351587933,0.0,0.0,19.5,45.8,0,0
2026-05-02T17:16:06,0,0,0.3464538057645162,0.0,0.0,19.5,45.8,0,0
2026-05-02T17:17:07,0,0,0.39124469955762226,0.0,0.0,19.5,45.8,0,0
2026-05-02T17:18:07,0,0,0.5395940691232681,0.0,0.0,19.5,45.8,0,0
2026-05-02T17:19:07,0,0,0.3177200456460317,0.0,0.0,19.5,45.9,0,0
2026-05-02T17:20:07,0,0,0.30338208625713986,0.0,0.0,19.5,45.8,0,0
2026-05-02T17:21:07,0,0,0.3342291663090388,0.0,0.0,19.5,45.8,0,0
2026-05-02T17:22:07,0,0,0.31707697113355,0.0,0.0,19.5,45.8,0,0
2026-05-02T17:23:07,0,0,0.3667601943016052,0.0,0.0,19.5,45.8,0,0
2026-05-02T17:24:07,0,0,0.2867491990327835,0.0,0.0,19.5,45.8,0,0
2026-05-02T17:25:07,0,0,0.4408663362264633,0.0,0.0,19.5,45.9,0,0
2026-05-02T17:26:07,0,0,0.39959145585695904,0.0,0.0,19.6,45.8,0,0
2026-05-02T17:27:07,0,0,0.2774817993243535,0.0,0.0,19.5,45.8,0,0
2026-05-02T17:28:07,0,0,0.3341686775286992,0.0,0.0,19.5,45.8,0,0
2026-05-02T17:29:07,0,0,0.3306804398695628,0.0,0.0,19.5,45.8,0,0
2026-05-02T17:30:07,0,0,0.332496444384257,0.0,0.0,19.5,45.9,0,0
2026-05-02T17:31:07,0,0,0.40398798882961273,0.0,0.0,19.5,45.8,0,0
2026-05-02T17:32:07,0,0,0.33194413284460705,0.0,0.0,19.5,45.9,0,0
2026-05-02T17:33:07,0,0,0.20950784534215927,0.0,0.0,19.5,45.8,0,0
2026-05-02T17:34:07,0,0,0.32099223881959915,0.0,0.0,19.5,45.9,0,0
2026-05-02T17:35:07,0,0,0.33490871886412305,0.0,0.0,19.5,45.9,0,0
2026-05-02T17:36:07,0,0,0.3631831755240758,0.0,0.0,19.5,45.9,0,0
2026-05-02T17:37:07,0,0,0.2521306487421195,0.0,0.0,19.5,45.8,0,0
2026-05-02T17:38:08,0,0,0.4177251954873403,0.0,0.0,19.5,45.9,0,0
2026-05-02T17:39:08,0,0,0.2845299045244853,0.0,0.0,19.5,45.8,0,0
2026-05-02T17:40:08,0,0,0.28278516481320065,0.0,0.0,19.5,45.8,0,0
2026-05-02T17:41:08,0,0,0.259907824297746,0.0,0.0,19.5,45.8,0,0
2026-05-02T17:42:08,0,0,0.2540564114848773,0.0,0.0,19.5,45.9,0,0
2026-05-02T17:43:08,0,0,0.31640059997638065,0.0,0.0,19.5,45.9,0,0
2026-05-02T17:44:08,0,0,0.30193820347388584,0.0,0.0,19.5,45.9,0,0
2026-05-02T17:45:08,0,0,0.3504687001307805,0.0,0.0,19.5,45.8,0,0
2026-05-02T17:46:08,0,0,0.3727335035800934,0.0,0.0,19.5,45.8,0,0
2026-05-02T17:47:08,0,0,0.40377674003442127,0.0,0.0,19.5,45.8,0,0
2026-05-02T17:48:08,0,0,0.3273656815290451,0.0,0.0,19.5,45.9,0,0
2026-05-02T17:49:08,0,0,0.4770127286513646,0.0,0.0,19.5,45.8,0,0
2026-05-02T17:50:08,0,0,0.2356233298778534,0.0,0.0,19.5,45.8,0,0
2026-05-02T17:51:08,0,0,0.31541264057159424,0.0,0.0,19.5,45.8,0,0
2026-05-02T17:52:08,0,0,0.3891303117076556,0.0,0.0,19.5,45.9,0,0
2026-05-02T17:53:08,0,0,0.3368716686964035,0.0,0.0,19.5,45.9,0,0
2026-05-02T17:54:08,0,0,0.24808349212010702,0.0,0.0,19.5,45.8,0,0
2026-05-02T17:55:08,0,0,0.2588001737991969,0.0,0.0,19.5,45.8,0,0
2026-05-02T17:56:08,0,0,0.2342944766084353,0.0,0.0,19.5,45.9,0,0
2026-05-02T17:57:08,0,0,0.6327322473128637,0.0,0.0,19.5,45.8,0,0
2026-05-02T17:58:08,0,0,0.3311786353588104,0.0,0.0,19.5,45.8,0,0
2026-05-02T17:59:09,0,0,0.2501846229036649,0.0,0.0,19.5,45.9,0,0
2026-05-02T18:00:09,0,0,0.25123406449953717,0.0,0.0,19.5,45.8,0,0
2026-05-02T18:01:09,0,0,0.25530163447062176,0.0,0.0,19.5,45.8,0,0
2026-05-02T18:02:09,0,0,0.20419506231943765,0.0,0.0,19.5,45.8,0,0
2026-05-02T18:03:09,0,0,0.35042571028073627,0.0,0.0,19.5,45.8,0,0
2026-05-02T18:04:09,0,0,0.5113413830598196,0.0,0.0,19.5,45.8,0,0
2026-05-02T18:05:09,0,0,0.29039495686690014,0.0,0.0,19.5,45.8,0,0
2026-05-02T18:06:09,0,0,0.31184060623248416,0.0,0.0,19.5,45.8,0,0
2026-05-02T18:07:09,0,0,0.31299443542957306,0.0,0.0,19.5,45.8,0,0
2026-05-02T18:08:09,0,0,0.36358145872751874,0.0,0.0,19.5,45.8,0,0
2026-05-02T18:09:09,0,0,0.24330108116070429,0.0,0.0,19.5,45.8,0,0
2026-05-02T18:10:09,0,0,0.28831647833188373,0.0,0.0,19.5,45.8,0,0
2026-05-02T18:11:09,0,0,0.29617996017138165,0.0,0.0,19.5,45.8,0,0
2026-05-02T18:12:09,0,0,0.32520148158073425,0.0,0.0,19.5,45.8,0,0
2026-05-02T18:13:09,0,0,0.2929554010430972,0.0,0.0,19.5,45.8,0,0
2026-05-02T18:14:09,0,0,0.30006664494673413,0.0,0.0,19.5,45.8,0,0
2026-05-02T18:15:09,0,0,0.32000414033730823,0.0,0.0,19.5,45.8,0,0
2026-05-02T18:16:09,0,0,0.3682718227307002,0.0,0.0,19.5,45.8,0,0
2026-05-02T18:17:09,0,0,0.3097560678919156,0.0,0.0,19.5,45.8,0,0
2026-05-02T18:18:09,0,0,0.3367682322859764,0.0,0.0,19.5,45.8,0,0
2026-05-02T18:19:09,0,0,0.37694113453229267,0.0,0.0,19.5,45.8,0,0
2026-05-02T18:20:00,0,0,0.25200403332710264,0.0,0.0,19.5,45.9,0,0
2026-05-02T18:21:00,0,0,0.3126569787661235,0.0,0.0,19.5,45.9,0,0
2026-05-02T18:22:00,0,0,0.24926933397849402,0.0,0.0,19.5,45.9,0,0
2026-05-02T18:23:00,0,0,0.32046384116013843,0.0,0.0,19.5,45.9,0,0
2026-05-02T18:24:00,0,0,0.3371957987546921,0.0,0.0,19.5,45.9,0,0
2026-05-02T18:25:00,0,0,0.2782820810874303,0.0,0.0,19.5,45.9,0,0
2026-05-02T18:26:00,0,0,0.33825383086999256,0.0,0.0,19.6,45.9,0,0
2026-05-02T18:27:00,0,0,0.283866544564565,0.0,0.0,19.5,45.9,0,0
2026-05-02T18:28:00,0,0,0.35565799474716187,0.0,0.0,19.5,45.9,0,0
2026-05-02T18:29:00,0,0,0.3372400452693303,0.0,0.0,19.6,45.9,0,0
2026-05-02T18:30:00,0,0,0.3470809608697891,0.0,0.0,19.5,45.9,0,0
2026-05-02T18:31:00,0,0,0.3427192320426305,0.0,0.0,19.5,45.9,0,0
2026-05-02T18:32:00,0,0,0.30055714150269824,0.0,0.0,19.5,45.9,0,0
2026-05-02T18:33:00,0,0,0.3784523506959279,0.0,0.0,19.5,45.9,0,0
2026-05-02T18:34:00,0,0,0.3702656999230385,0.0,0.0,19.5,45.9,0,0
2026-05-02T18:35:00,0,0,0.4386750857035319,0.0,0.0,19.5,45.9,0,0
2026-05-02T18:36:00,0,0,0.2876540273427963,0.0,0.0,19.6,45.8,0,0
2026-05-02T18:37:00,0,0,0.30506327499945957,0.0,0.0,19.5,45.8,0,0
2026-05-02T18:38:00,0,0,0.3617530018091202,0.0,0.0,19.6,45.7,0,0
2026-05-02T18:39:00,0,0,0.38344361384709674,0.0,0.0,19.5,45.7,0,0
2026-05-02T18:40:00,0,0,0.3351813703775406,0.0,0.0,19.6,45.7,0,0
2026-05-02T18:41:01,0,0,0.34740062554677326,0.0,0.0,19.5,45.7,0,0
2026-05-02T18:42:01,0,0,0.2928791070977847,0.0,0.0,19.5,45.7,0,0
2026-05-02T18:43:01,0,0,0.25292489926020306,0.0,0.0,19.5,45.7,0,0
2026-05-02T18:44:01,0,0,0.46428972979386646,0.0,0.0,19.6,45.6,0,0
2026-05-02T18:45:01,0,0,0.2460791046420733,0.0,0.0,19.5,45.6,0,0
2026-05-02T18:46:01,0,0,0.2606460352738698,0.0,0.0,19.5,45.6,0,0
2026-05-02T18:47:01,0,0,0.3187953159213066,0.0,0.0,19.6,45.6,0,0
2026-05-02T18:48:01,0,0,0.33166255553563434,0.0,0.0,19.5,45.7,0,0
2026-05-02T18:49:01,0,0,0.2594904626409213,0.0,0.0,19.6,45.7,0,0
2026-05-02T18:50:01,0,0,0.2796705986062686,0.0,0.0,19.5,45.6,0,0
2026-05-02T18:51:01,0,0,0.3067729597290357,0.0,0.0,19.6,45.7,0,0
2026-05-02T18:52:01,0,0,0.37836091717084247,0.0,0.0,19.5,45.6,0,0
2026-05-02T18:53:01,0,0,0.27291515717903775,0.0,0.0,19.6,45.6,0,0
2026-05-02T18:54:01,0,0,0.2717757696906726,0.0,0.0,19.6,45.6,0,0
2026-05-02T18:55:01,0,0,0.26319704825679463,0.0,0.0,19.5,45.6,0,0
2026-05-02T18:56:01,0,0,0.4810955226421356,0.0,0.0,19.5,45.6,0,0
2026-05-02T18:57:01,0,0,0.36411890139182407,0.0,0.0,19.6,45.6,0,0
2026-05-02T18:58:01,0,0,0.35861945648988086,0.0,0.0,19.6,45.6,0,0
2026-05-02T18:59:01,0,0,0.34477182974418,0.0,0.0,19.6,45.6,0,0
2026-05-02T19:00:01,0,0,0.3384143263101578,0.0,0.0,19.5,45.5,0,0
2026-05-02T19:01:01,0,0,0.4483559976021449,0.0,0.0,19.5,45.6,0,0
2026-05-02T19:02:02,0,0,0.2895395408074061,0.0,0.0,19.5,45.5,0,0
2026-05-02T19:03:02,0,0,0.30928823351860046,0.0,0.0,19.6,45.5,0,0
2026-05-02T19:04:02,0,0,0.31810113539298374,0.0,0.0,19.6,45.5,0,0
2026-05-02T19:05:02,0,0,0.3955890436967214,0.0,0.0,19.5,45.5,0,0
2026-05-02T19:06:02,0,0,0.37554895381132763,0.0,0.0,19.6,45.5,0,0
2026-05-02T19:07:02,0,0,0.6168284813563029,0.0,0.0,19.6,45.5,0,0
2026-05-02T19:08:02,0,0,0.3258291929960251,0.0,0.0,19.6,45.5,0,0
2026-05-02T19:09:02,0,0,0.4524746388196945,0.0,0.0,19.5,45.5,0,0
2026-05-02T19:10:02,0,0,0.3120999460419019,0.0,0.0,19.5,45.5,0,0
2026-05-02T19:11:02,0,0,0.37107198933760327,0.0,0.0,19.5,45.5,0,0
2026-05-02T19:12:02,0,0,0.381368155280749,0.0,0.0,19.5,45.6,0,0
2026-05-02T19:13:02,0,0,0.3385415275891622,0.0,0.0,19.5,45.6,0,0
2026-05-02T19:14:02,0,0,0.4233447586496671,0.0,0.0,19.5,45.6,0,0
2026-05-02T19:15:02,0,0,0.28385300437609357,0.0,0.0,19.5,45.6,0,0
2026-05-02T19:16:02,0,0,0.40016577144463855,0.0,0.0,19.5,45.6,0,0
2026-05-02T19:17:02,0,0,0.317508727312088,0.0,0.0,19.5,45.7,0,0
2026-05-02T19:18:02,0,0,0.4568233589331309,0.0,0.0,19.5,45.7,0,0
2026-05-02T19:19:02,0,0,0.3944307615359624,0.0,0.0,19.5,45.7,0,0
2026-05-02T19:20:02,0,0,0.3204834411541621,0.0,0.0,19.5,45.7,0,0
2026-05-02T19:21:02,0,0,0.33317765096823376,0.0,0.0,19.5,45.7,0,0
2026-05-02T19:22:02,0,0,0.266264945268631,0.0,0.0,19.5,45.8,0,0
2026-05-02T19:23:03,0,0,0.3683597693840663,0.0,0.0,19.5,45.7,0,0
2026-05-02T19:24:03,0,0,0.5246578007936478,0.0,0.0,19.5,45.8,0,0
2026-05-02T19:25:03,0,0,0.3131961276133855,0.0,0.0,19.5,45.8,0,0
2026-05-02T19:26:03,0,0,0.2755970358848572,0.0,0.0,19.5,45.8,0,0
2026-05-02T19:27:03,0,0,0.38627345363299054,0.0,0.0,19.5,45.8,0,0
2026-05-02T19:28:03,0,0,0.34700023631254834,0.0,0.0,19.5,45.8,0,0
2026-05-02T19:29:03,0,0,0.39128739138444263,0.0,0.0,19.5,45.8,0,0
2026-05-02T19:30:03,0,0,0.39609702428181964,0.0,0.0,19.5,45.8,0,0
2026-05-02T19:31:03,0,0,0.3109334036707878,0.0,0.0,19.5,45.8,0,0
2026-05-02T19:32:03,0,0,0.43543864289919537,0.0,0.0,19.5,45.8,0,0
2026-05-02T19:33:03,0,0,0.26606133828560513,0.0,0.0,19.5,45.8,0,0
2026-05-02T19:34:03,0,0,0.300601989030838,0.0,0.0,19.5,45.8,0,0
2026-05-02T19:35:03,0,0,0.3338395357131958,0.0,0.0,19.5,45.8,0,0
2026-05-02T19:36:03,0,0,0.4959708899259567,0.0,0.0,19.5,45.7,0,0
2026-05-02T19:37:03,0,0,0.4036652247111003,0.0,0.0,19.5,45.8,0,0
2026-05-02T19:38:03,0,0,0.3726937621831894,0.0,0.0,19.5,45.7,0,0
2026-05-02T19:39:03,0,0,0.2942563245693843,0.0,0.0,19.5,45.7,0,0
2026-05-02T19:40:03,0,0,0.23836778849363327,0.0,0.0,19.5,45.7,0,0
2026-05-02T19:41:03,0,0,0.3478678713242213,0.0,0.0,19.5,45.7,0,0
2026-05-02T19:42:03,0,0,0.4212624529997508,0.0,0.0,19.5,45.7,0,0
2026-05-02T19:43:03,0,0,0.3651508241891861,0.0,0.0,19.5,45.7,0,0
2026-05-02T19:44:04,0,0,0.34669649104277295,0.0,0.0,19.5,45.7,0,0
2026-05-02T19:45:04,0,0,0.2895963340997696,0.0,0.0,19.5,45.7,0,0
2026-05-02T19:46:04,0,0,0.3456287185351054,0.0,0.0,19.5,45.7,0,0
2026-05-02T19:47:04,0,0,0.3003104825814565,0.0,0.0,19.5,45.7,0,0
2026-05-02T19:48:04,0,0,0.3413776258627574,0.0,0.0,19.5,45.7,0,0
2026-05-02T19:49:04,0,0,0.3629262099663417,0.0,0.0,19.5,45.7,0,0
2026-05-02T19:50:04,0,0,0.37351347506046295,0.0,0.0,19.5,45.7,0,0
2026-05-02T19:51:04,0,0,0.37587177753448486,0.0,0.0,19.5,45.7,0,0
2026-05-02T19:52:04,0,0,0.2914144943157832,0.0,0.0,19.5,45.8,0,0
2026-05-02T19:53:04,0,0,0.43745823701222736,0.0,0.0,19.5,45.8,0,0
2026-05-02T19:54:04,0,0,0.47647562126318616,0.0,0.0,19.5,45.8,0,0
2026-05-02T19:55:04,0,0,0.37614645063877106,0.0,0.0,19.5,45.8,0,0
2026-05-02T19:56:04,0,0,0.49272342522939044,0.0,0.0,19.5,45.8,0,0
2026-05-02T19:57:04,0,0,0.46160035332043964,0.0,0.0,19.5,45.8,0,0
2026-05-02T19:58:04,0,0,0.3403794964154561,0.0,0.0,19.5,45.8,0,0
2026-05-02T19:59:04,0,0,0.37567467987537384,0.0,0.0,19.5,45.8,0,0
2026-05-02T20:00:04,0,0,0.6284810900688171,0.0,0.0,19.5,45.8,0,0
2026-05-02T20:01:04,0,0,0.36829444766044617,0.0,0.0,19.5,45.8,0,0
2026-05-02T20:02:04,0,0,0.38322781523068744,0.0,0.0,19.5,45.8,0,0
2026-05-02T20:03:04,0,0,0.42822952568531036,0.0,0.0,19.5,45.8,0,0
2026-05-02T20:04:04,0,0,0.44181662797927856,0.0,0.0,19.5,45.8,0,0
2026-05-02T20:05:05,0,0,0.35979101061820984,0.0,0.0,19.5,45.8,0,0
2026-05-02T20:06:05,0,0,0.27873315413792926,0.0,0.0,19.5,45.8,0,0
2026-05-02T20:07:05,0,0,0.40190738687912625,0.0,0.0,19.5,45.8,0,0
2026-05-02T20:08:05,0,0,0.39354272683461505,0.0,0.0,19.5,45.8,0,0
2026-05-02T20:09:05,0,0,0.45817717413107556,0.0,0.0,19.5,45.8,0,0
2026-05-02T20:10:05,0,0,0.35945584376653034,0.0,0.0,19.5,45.8,0,0
2026-05-02T20:11:05,0,0,0.35916724304358166,0.0,0.0,19.5,45.8,0,0
2026-05-02T20:12:05,0,0,0.41966934502124786,0.0,0.0,19.5,45.7,0,0
2026-05-02T20:13:05,0,0,0.46364129583040875,0.0,0.0,19.5,45.8,0,0
2026-05-02T20:14:05,0,0,0.37873948117097217,0.0,0.0,19.5,45.7,0,0
2026-05-02T20:15:05,0,0,0.4144258300463359,0.0,0.0,19.5,45.7,0,0
2026-05-02T20:16:05,0,0,0.365381787220637,0.0,0.0,19.5,45.7,0,0
2026-05-02T20:17:05,0,0,0.41917723913987476,0.0,0.0,19.5,45.7,0,0
2026-05-02T20:18:05,0,0,0.3506878713766734,0.0,0.0,19.5,45.8,0,0
2026-05-02T20:19:05,0,0,0.4158560037612915,0.0,0.0,19.5,45.8,0,0
2026-05-02T20:20:05,0,0,0.3300895815094312,0.0,0.0,19.5,45.8,0,0
2026-05-02T20:21:05,0,0,0.23928538461526236,0.0,0.0,19.5,45.8,0,0
2026-05-02T20:22:05,0,0,0.4016803552707036,0.0,0.0,19.5,45.9,0,0
2026-05-02T20:23:05,0,0,0.34953494369983673,0.0,0.0,19.5,45.9,0,0
2026-05-02T20:24:05,0,0,0.40839654207229614,0.0,0.0,19.5,45.9,0,0
2026-05-02T20:25:05,0,0,0.4663909475008647,0.0,0.0,19.5,45.9,0,0
2026-05-02T20:26:06,0,0,0.6034887582063675,0.0,0.0,19.5,46.0,0,0
2026-05-02T20:27:06,0,0,0.4658401409784953,0.0,0.0,19.5,46.0,0,0
2026-05-02T20:28:06,0,0,0.35529694457848865,0.0,0.0,19.5,46.0,0,0
2026-05-02T20:29:06,0,0,0.3452981735269229,0.0,0.0,19.5,46.0,0,0
2026-05-02T20:30:06,0,0,0.3982599327961604,0.0,0.0,19.5,46.0,0,0
2026-05-02T20:31:06,0,0,0.47633475065231323,0.0,0.0,19.5,46.0,0,0
2026-05-02T20:32:06,0,0,0.40018194913864136,0.0,0.0,19.5,46.0,0,0
2026-05-02T20:33:06,0,0,0.4977706621090571,0.0,0.0,19.5,46.0,0,0
2026-05-02T20:34:06,0,0,0.45767546196778613,0.0,0.0,19.5,46.0,0,0
2026-05-02T20:35:06,0,0,0.3808119048674901,0.0,0.0,19.5,45.9,0,0
2026-05-02T20:36:06,0,0,0.5111630956331888,0.0,0.0,19.5,45.9,0,0
2026-05-02T20:37:06,0,0,0.41383861502011615,0.0,0.0,19.5,45.9,0,0
2026-05-02T20:38:06,0,0,0.38227934141953784,0.0,0.0,19.5,45.9,0,0
2026-05-02T20:39:06,0,0,0.506078690290451,0.0,0.0,19.5,45.9,0,0
2026-05-02T20:40:06,0,0,0.36505959431330365,0.0,0.0,19.5,45.9,0,0
2026-05-02T20:41:06,0,0,0.4713278611501058,0.0,0.0,19.4,45.9,0,0
2026-05-02T20:42:06,0,0,0.4668531169493993,0.0,0.0,19.5,45.9,0,0
2026-05-02T20:43:06,0,0,0.38885199030240375,0.0,0.0,19.5,45.9,0,0
2026-05-02T20:44:06,0,0,0.418948233127594,0.0,0.0,19.4,45.9,0,0
2026-05-02T20:45:06,0,0,0.4918219546477,0.0,0.0,19.5,45.9,0,0
2026-05-02T20:46:06,0,0,0.46558446685473126,0.0,0.0,19.5,45.9,0,0
2026-05-02T20:47:07,0,0,0.45757197837034863,0.0,0.0,19.5,45.9,0,0
2026-05-02T20:48:07,0,0,0.3546857287486394,0.0,0.0,19.5,46.0,0,0
2026-05-02T20:49:07,0,0,0.44315343101819354,0.0,0.0,19.5,46.0,0,0
2026-05-02T20:50:07,0,0,0.4303033947944641,0.0,0.0,19.5,46.1,0,0
2026-05-02T20:51:07,0,0,0.48882753153642017,0.0,0.0,19.5,46.1,0,0
2026-05-02T20:52:07,0,0,0.42823713024457294,0.0,0.0,19.4,46.1,0,0
2026-05-02T20:53:07,0,0,0.3421046162645022,0.0,0.0,19.4,46.2,0,0
2026-05-02T20:54:07,0,0,0.4297322779893875,0.0,0.0,19.5,46.1,0,0
2026-05-02T20:55:07,0,0,0.4880750800172488,0.0,0.0,19.4,46.1,0,0
2026-05-02T20:56:07,0,0,0.2958333318432172,0.0,0.0,19.5,46.2,0,0
2026-05-02T20:57:07,0,0,0.3503330995639165,0.0,0.0,19.4,46.2,0,0
2026-05-02T20:58:07,0,0,0.43488773703575134,0.0,0.0,19.5,46.1,0,0
2026-05-02T20:59:07,0,0,0.49506959815820056,0.0,0.0,19.5,46.2,0,0
2026-05-02T21:00:07,0,0,0.49565623700618744,0.0,0.0,19.4,46.1,0,0
2026-05-02T21:01:07,0,0,0.4082430303096771,0.0,0.0,19.5,46.1,0,0
2026-05-02T21:02:07,0,0,0.3893563648064931,0.0,0.0,19.5,46.1,0,0
2026-05-02T21:03:07,0,0,0.3102914517124494,0.0,0.0,19.4,46.1,0,0
2026-05-02T21:04:07,0,0,0.32411375393470127,0.0,0.0,19.4,46.1,0,0
2026-05-02T21:05:07,0,0,0.4266112099091212,0.0,0.0,19.4,46.1,0,0
2026-05-02T21:06:07,0,0,0.3339409679174423,0.0,0.0,19.5,46.1,0,0
2026-05-02T21:07:07,0,0,0.3248968869447708,0.0,0.0,19.4,46.1,0,0
2026-05-02T21:08:08,0,0,0.3264346147576968,0.0,0.0,19.4,46.0,0,0
2026-05-02T21:09:08,0,0,0.3847912649313609,0.0,0.0,19.5,46.1,0,0
2026-05-02T21:10:08,0,0,0.36519654591878253,0.0,0.0,19.5,46.1,0,0
2026-05-02T21:11:08,0,0,0.4122346093257268,0.0,0.0,19.4,46.1,0,0
2026-05-02T21:12:08,0,0,0.4486007144053777,0.0,0.0,19.5,46.1,0,0
2026-05-02T21:13:08,0,0,0.3673639843861262,0.0,0.0,19.4,46.1,0,0
2026-05-02T21:14:08,0,0,0.5453091114759445,0.0,0.0,19.5,46.1,0,0
2026-05-02T21:15:08,0,0,0.32682029406229657,0.0,0.0,19.4,46.1,0,0
2026-05-02T21:16:08,0,0,0.38208746413389844,0.0,0.0,19.4,46.2,0,0
2026-05-02T21:17:08,0,0,0.3266909271478653,0.0,0.0,19.4,46.2,0,0
2026-05-02T21:18:08,0,0,0.41163648664951324,0.0,0.0,19.4,46.2,0,0
2026-05-02T21:19:08,0,0,0.42025184134642285,0.0,0.0,19.4,46.2,0,0
2026-05-02T21:20:08,0,0,0.3482329398393631,0.0,0.0,19.4,46.2,0,0
2026-05-02T21:21:08,0,0,0.4636729657649994,0.0,0.0,19.4,46.2,0,0
2026-05-02T21:22:08,0,0,0.4386414537827174,0.0,0.0,19.4,46.2,0,0
2026-05-02T21:23:08,0,0,0.4537590692440669,0.0,0.0,19.4,46.2,0,0
2026-05-02T21:24:08,0,0,0.5073500474294027,0.0,0.0,19.4,46.2,0,0
2026-05-02T21:25:08,0,0,0.4330951968828837,0.0,0.0,19.4,46.2,0,0
2026-05-02T21:26:08,0,0,0.3253420790036519,0.0,0.0,19.4,46.2,0,0
2026-05-02T21:27:08,0,0,0.38564977546532947,0.0,0.0,19.4,46.2,0,0
2026-05-02T21:28:08,0,0,0.4114866107702255,0.0,0.0,19.4,46.3,0,0
2026-05-02T21:29:09,0,0,0.4087543686230977,0.0,0.0,19.4,46.3,0,0
2026-05-02T21:30:09,0,0,0.4733947068452835,0.0,0.0,19.4,46.3,0,0
2026-05-02T21:31:09,0,0,0.3441876918077469,0.0,0.0,19.4,46.3,0,0
2026-05-02T21:32:09,0,0,0.35856924454371136,0.0,0.0,19.4,46.3,0,0
2026-05-02T21:33:09,0,0,0.4114178369442622,0.0,0.0,19.4,46.3,0,0
2026-05-02T21:34:09,0,0,0.4037203788757324,0.0,0.0,19.4,46.4,0,0
2026-05-02T21:35:09,0,0,0.3657280107339223,0.0,0.0,19.4,46.4,0,0
2026-05-02T21:36:09,0,0,0.7368793735901514,0.0,0.0,19.4,46.4,0,0
2026-05-02T21:37:09,0,0,0.42067597806453705,0.0,0.0,19.4,46.4,0,0
2026-05-02T21:38:09,0,0,0.49373353521029156,0.0,0.0,19.4,46.5,0,0
2026-05-02T21:39:09,0,0,0.36520639061927795,0.0,0.0,19.4,46.5,0,0
2026-05-02T21:40:09,0,0,0.41615375379721325,0.0,0.0,19.4,46.5,0,0
2026-05-02T21:41:09,0,0,0.4222474793593089,0.0,0.0,19.4,46.5,0,0
2026-05-02T21:42:09,0,0,0.5006058812141418,0.0,0.0,19.4,46.5,0,0
2026-05-02T21:43:09,0,0,0.42274461189905804,0.0,0.0,19.4,46.5,0,0
2026-05-02T21:44:09,0,0,0.3723393827676773,0.0,0.0,19.4,46.5,0,0
2026-05-02T21:45:09,0,0,0.36265137294928235,0.0,0.0,19.4,46.5,0,0
2026-05-02T21:46:09,0,0,0.26277733594179153,0.0,0.0,19.4,46.4,0,0
2026-05-02T21:47:09,0,0,0.2714228853583336,0.0,0.0,19.4,46.4,0,0
2026-05-02T21:48:09,0,0,0.42638538281122845,0.0,0.0,19.4,46.4,0,0
2026-05-02T21:49:09,0,0,0.4090782701969147,0.0,0.0,19.4,46.4,0,0
2026-05-02T21:50:00,0,0,0.2641524702310562,0.0,0.0,19.4,46.4,0,0
2026-05-02T21:51:00,0,0,0.37723131974538165,0.0,0.0,19.4,46.4,0,0
2026-05-02T21:52:00,0,0,0.2887277950843175,0.0,0.0,19.4,46.4,0,0
2026-05-02T21:53:00,0,0,0.32676199326912564,0.0,0.0,19.4,46.4,0,0
2026-05-02T21:54:00,0,0,0.4021247675021489,0.0,0.0,19.4,46.4,0,0
2026-05-02T21:55:00,0,0,0.45422256489594776,0.0,0.0,19.4,46.4,0,0
2026-05-02T21:56:00,0,0,0.2598724439740181,0.0,0.0,19.4,46.4,0,0
2026-05-02T21:57:00,0,0,0.3728133688370387,0.0,0.0,19.4,46.4,0,0
2026-05-02T21:58:00,0,0,0.3138852541645368,0.0,0.0,19.4,46.4,0,0
2026-05-02T21:59:00,0,0,0.18235312153895697,0.0,0.0,19.4,46.4,0,0
2026-05-02T22:00:00,0,0,0.2855223740140597,0.0,0.0,19.4,46.5,0,0
2026-05-02T22:01:00,0,0,0.18486863871415457,0.0,0.0,19.4,46.5,0,0
2026-05-02T22:02:00,0,0,0.2676438167691231,0.0,0.0,19.4,46.5,0,0
2026-05-02T22:03:00,0,0,0.45295751839876175,0.0,0.0,19.4,46.6,0,0
2026-05-02T22:04:00,0,0,0.26474857827027637,0.0,0.0,19.4,46.6,0,0
2026-05-02T22:05:00,0,0,0.2509425953030586,0.0,0.0,19.4,46.6,0,0
2026-05-02T22:06:00,0,0,0.39759383474787074,0.0,0.0,19.4,46.7,0,0
2026-05-02T22:07:00,0,0,0.2944205602010091,0.0,0.0,19.4,46.7,0,0
2026-05-02T22:08:00,0,0,0.237546277542909,0.0,0.0,19.4,46.8,0,0
2026-05-02T22:09:00,0,0,0.2712375322977702,0.0,0.0,19.4,46.8,0,0
2026-05-02T22:10:00,0,0,0.25744733959436417,0.0,0.0,19.4,46.8,0,0
2026-05-02T22:11:01,0,0,0.34492552032073337,0.0,0.0,19.4,46.8,0,0
2026-05-02T22:12:01,0,0,0.2899903133511543,0.0,0.0,19.4,46.8,0,0
2026-05-02T22:13:01,0,0,0.3158991684516271,0.0,0.0,19.4,46.8,0,0
2026-05-02T22:14:01,0,0,0.30246160676081973,0.0,0.0,19.4,46.8,0,0
2026-05-02T22:15:01,0,0,0.3215536077817281,0.0,0.0,19.4,46.8,0,0
2026-05-02T22:16:01,0,0,0.3717389702796936,0.0,0.0,19.4,46.8,0,0
2026-05-02T22:17:01,0,0,0.348361703256766,0.0,0.0,19.4,46.8,0,0
2026-05-02T22:18:01,0,0,0.32411768287420273,0.0,0.0,19.4,46.8,0,0
2026-05-02T22:19:01,0,0,0.375997431576252,0.0,0.0,19.4,46.8,0,0
2026-05-02T22:20:01,0,0,0.28549838562806445,0.0,0.0,19.4,46.8,0,0
2026-05-02T22:21:01,0,0,0.35806670288244885,0.0,0.0,19.4,46.8,0,0
2026-05-02T22:22:01,0,0,0.3185899207989375,0.0,0.0,19.4,46.7,0,0
2026-05-02T22:23:01,0,0,0.3589906295140584,0.0,0.0,19.4,46.8,0,0
2026-05-02T22:24:01,0,0,0.3002358575661977,0.0,0.0,19.4,46.7,0,0
2026-05-02T22:25:01,0,0,0.3106462632616361,0.0,0.0,19.4,46.7,0,0
2026-05-02T22:26:01,0,0,0.38509581983089447,0.0,0.0,19.4,46.7,0,0
2026-05-02T22:27:01,0,0,0.35149820894002914,0.0,0.0,19.4,46.7,0,0
2026-05-02T22:28:01,0,0,0.3561318914095561,0.0,0.0,19.4,46.6,0,0
2026-05-02T22:29:01,0,0,0.23605044931173325,0.0,0.0,19.4,46.6,0,0
2026-05-02T22:30:01,0,0,0.26672299206256866,0.0,0.0,19.4,46.6,0,0
2026-05-02T22:31:01,0,0,0.39929400384426117,0.0,0.0,19.4,46.6,0,0
2026-05-02T22:32:01,0,0,0.32483904560407,0.0,0.0,19.4,46.5,0,0
2026-05-02T22:33:02,0,0,0.4089256276686986,0.0,0.0,19.4,46.5,0,0
2026-05-02T22:34:02,0,0,0.39050161838531494,0.0,0.0,19.4,46.6,0,0
2026-05-02T22:35:02,0,0,0.37138209740320843,0.0,0.0,19.4,46.6,0,0
2026-05-02T22:36:02,0,0,0.43318107227484387,0.0,0.0,19.4,46.6,0,0
2026-05-02T22:37:02,0,0,0.26433442284663516,0.0,0.0,19.4,46.6,0,0
2026-05-02T22:38:02,0,0,0.4620162546634674,0.0,0.0,19.4,46.6,0,0
2026-05-02T22:39:02,0,0,0.30045075714588165,0.0,0.0,19.4,46.6,0,0
2026-05-02T22:40:02,0,0,0.3316774641474088,0.0,0.0,19.4,46.7,0,0
2026-05-02T22:41:02,0,0,0.3034091740846634,0.0,0.0,19.4,46.7,0,0
2026-05-02T22:42:02,0,0,0.3708004504442215,0.0,0.0,19.4,46.7,0,0
2026-05-02T22:43:02,0,0,0.388226921359698,0.0,0.0,19.4,46.7,0,0
2026-05-02T22:44:02,0,0,0.5249196539322535,0.0,0.0,19.4,46.7,0,0
2026-05-02T22:45:02,0,0,0.3244889825582504,0.0,0.0,19.4,46.7,0,0
2026-05-02T22:46:02,0,0,0.3882562965154648,0.0,0.0,19.4,46.7,0,0
2026-05-02T22:47:02,0,0,0.2396709049741427,0.0,0.0,19.4,46.7,0,0
2026-05-02T22:48:02,0,0,0.31874960164229077,0.0,0.0,19.4,46.7,0,0
2026-05-02T22:49:02,0,0,0.40602940817674,0.0,0.0,19.4,46.6,0,0
2026-05-02T22:50:02,0,0,0.3866860916217168,0.0,0.0,19.4,46.6,0,0
2026-05-02T22:51:02,0,0,0.3422374626000722,0.0,0.0,19.4,46.6,0,0
2026-05-02T22:52:02,0,0,0.2820110892256101,0.0,0.0,19.4,46.6,0,0
2026-05-02T22:53:02,0,0,0.3276454309622447,0.0,0.0,19.4,46.6,0,0
2026-05-02T22:54:03,0,0,0.34125834206740063,0.0,0.0,19.4,46.6,0,0
2026-05-02T22:55:03,0,0,0.2904532129565875,0.0,0.0,19.4,46.6,0,0
2026-05-02T22:56:03,0,0,0.2673493872086207,0.0,0.0,19.4,46.6,0,0
2026-05-02T22:57:03,0,0,0.3009980817635854,0.0,0.0,19.4,46.6,0,0
2026-05-02T22:58:03,0,0,0.3249395663539569,0.0,0.0,19.4,46.6,0,0
2026-05-02T22:59:03,0,0,0.39570872485637665,0.0,0.0,19.4,46.6,0,0
2026-05-02T23:00:03,0,0,0.2494733432928721,0.0,0.0,19.4,46.6,0,0
2026-05-02T23:01:03,0,0,0.2858643631140391,0.0,0.0,19.4,46.6,0,0
2026-05-02T23:02:03,0,0,0.5259780287742615,0.0,0.0,19.4,46.6,0,0
2026-05-02T23:03:03,0,0,0.3557584037383397,0.0,0.0,19.4,46.6,0,0
2026-05-02T23:04:03,0,0,0.3875720699628194,0.0,0.0,19.4,46.7,0,0
2026-05-02T23:05:03,0,0,0.4389048119386037,0.0,0.0,19.4,46.7,0,0
2026-05-02T23:06:03,0,0,0.4603174030780792,0.0,0.0,19.4,46.6,0,0
2026-05-02T23:07:03,0,0,0.28848057240247726,0.0,0.0,19.4,46.6,0,0
2026-05-02T23:08:03,0,0,0.46490896741549176,0.0,0.0,19.4,46.6,0,0
2026-05-02T23:09:03,0,0,0.3261375104387601,0.0,0.0,19.4,46.6,0,0
2026-05-02T23:10:03,0,0,0.3582921475172043,0.0,0.0,19.4,46.6,0,0
2026-05-02T23:11:03,0,0,0.3968529949585597,0.0,0.0,19.4,46.6,0,0
2026-05-02T23:12:03,0,0,0.4210704217354457,0.0,0.0,19.4,46.7,0,0
2026-05-02T23:13:03,0,0,0.35839634637037915,0.0,0.0,19.4,46.7,0,0
2026-05-02T23:14:03,0,0,0.33720339834690094,0.0,0.0,19.4,46.7,0,0
2026-05-02T23:15:04,0,0,0.32556749880313873,0.0,0.0,19.4,46.8,0,0
2026-05-02T23:16:04,0,0,0.41816554963588715,0.0,0.0,19.4,46.8,0,0
2026-05-02T23:17:04,0,0,0.418364018201828,0.0,0.0,19.4,46.8,0,0
2026-05-02T23:18:04,0,0,0.486858531832695,0.0,0.0,19.4,46.8,0,0
2026-05-02T23:19:04,0,0,0.5734996547301611,0.0,0.0,19.4,46.8,0,0
2026-05-02T23:20:04,0,0,0.42017458379268646,0.0,0.0,19.4,46.7,0,0
2026-05-02T23:21:04,0,0,0.27852294345696765,0.0,0.0,19.4,46.7,0,0
2026-05-02T23:22:04,0,0,0.3132135520378749,0.0,0.0,19.4,46.7,0,0
2026-05-02T23:23:04,0,0,0.40335595111052197,0.0,0.0,19.4,46.7,0,0
2026-05-02T23:24:04,0,0,0.383038192987442,0.0,0.0,19.4,46.6,0,0
2026-05-02T23:25:04,0,0,0.49024151762326557,0.0,0.0,19.4,46.6,0,0
2026-05-02T23:26:04,0,0,0.39101167023181915,0.0,0.0,19.4,46.6,0,0
2026-05-02T23:27:04,0,0,0.30490481356779736,0.0,0.0,19.4,46.6,0,0
2026-05-02T23:28:04,0,0,0.35321488479773205,0.0,0.0,19.4,46.6,0,0
2026-05-02T23:29:04,0,0,0.37396946052710217,0.0,0.0,19.4,46.6,0,0
2026-05-02T23:30:04,0,0,0.3994024644295375,0.0,0.0,19.4,46.5,0,0
2026-05-02T23:31:04,0,0,0.5776159167289734,0.0,0.0,19.5,46.5,0,0
2026-05-02T23:32:04,0,0,0.48232674101988476,0.0,0.0,19.4,46.4,0,0
2026-05-02T23:33:04,0,0,0.3616987044612567,0.0,0.0,19.4,46.4,0,0
2026-05-02T23:34:04,0,0,0.3974893093109131,0.0,0.0,19.4,46.4,0,0
2026-05-02T23:35:04,0,0,0.46519483129183453,0.0,0.0,19.4,46.4,0,0
2026-05-02T23:36:05,0,0,0.5006007800499598,0.0,0.0,19.5,46.4,0,0
2026-05-02T23:37:05,0,0,0.3729667216539383,0.0,0.0,19.4,46.4,0,0
2026-05-02T23:38:05,0,0,0.4321296612421672,0.0,0.0,19.4,46.4,0,0
2026-05-02T23:39:05,0,0,0.3640938103199005,0.0,0.0,19.4,46.3,0,0
2026-05-02T23:40:05,0,0,0.3894093583027522,0.0,0.0,19.4,46.3,0,0
2026-05-02T23:41:05,0,0,0.5051811089118322,0.0,0.0,19.4,46.3,0,0
2026-05-02T23:42:05,0,0,0.32400794327259064,0.0,0.0,19.4,46.3,0,0
2026-05-02T23:43:05,0,0,0.3598797520001729,0.0,0.0,19.4,46.3,0,0
2026-05-02T23:44:05,0,0,0.3649486353000005,0.0,0.0,19.4,46.3,0,0
2026-05-02T23:45:05,0,0,0.42325668036937714,0.0,0.0,19.4,46.3,0,0
2026-05-02T23:46:05,0,0,0.4103044668833415,0.0,0.0,19.5,46.3,0,0
2026-05-02T23:47:05,0,0,0.41287168860435486,0.0,0.0,19.4,46.3,0,0
2026-05-02T23:48:05,0,0,0.33389179905255634,0.0,0.0,19.4,46.3,0,0
2026-05-02T23:49:05,0,0,0.518839051326116,0.0,0.0,19.4,46.3,0,0
2026-05-02T23:50:05,0,0,0.4842833826939265,0.0,0.0,19.4,46.3,0,0
2026-05-02T23:51:05,0,0,0.4387766420841217,0.0,0.0,19.4,46.3,0,0
2026-05-02T23:52:05,0,0,0.34136982013781864,0.0,0.0,19.4,46.3,0,0
2026-05-02T23:53:05,0,0,0.4070345064004262,0.0,0.0,19.4,46.3,0,0
2026-05-02T23:54:05,0,0,0.5003399699926376,0.0,0.0,19.4,46.3,0,0
2026-05-02T23:55:05,0,0,0.5584273537000021,0.0,0.0,19.4,46.3,0,0
2026-05-02T23:56:05,0,0,0.3640272070964177,0.0,0.0,19.5,46.2,0,0
2026-05-02T23:57:06,0,0,0.5067776987950007,0.0,0.0,19.5,46.2,0,0
2026-05-02T23:58:06,0,0,0.3887269248565038,0.0,0.0,19.5,46.2,0,0
2026-05-02T23:59:06,0,0,0.6207688202460607,0.0,0.0,19.4,46.2,0,0
